split,matched_group_id,family,instance_index,easy_instance_id,medium_instance_id,hard_instance_id,easy_map_file,medium_map_file,hard_map_file
train,terrain_smooth_obstacles_003,smooth_obstacles,3,terrain_smooth_obstacles_003_easy,terrain_smooth_obstacles_003_medium,terrain_smooth_obstacles_003_hard,maps/smooth_obstacles/terrain_smooth_obstacles_003_easy.json,maps/smooth_obstacles/terrain_smooth_obstacles_003_medium.json,maps/smooth_obstacles/terrain_smooth_obstacles_003_hard.json
train,terrain_smooth_obstacles_005,smooth_obstacles,5,terrain_smooth_obstacles_005_easy,terrain_smooth_obstacles_005_medium,terrain_smooth_obstacles_005_hard,maps/smooth_obstacles/terrain_smooth_obstacles_005_easy.json,maps/smooth_obstacles/terrain_smooth_obstacles_005_medium.json,maps/smooth_obstacles/terrain_smooth_obstacles_005_hard.json
train,terrain_smooth_obstacles_007,smooth_obstacles,7,terrain_smooth_obstacles_007_easy,terrain_smooth_obstacles_007_medium,terrain_smooth_obstacles_007_hard,maps/smooth_obstacles/terrain_smooth_obstacles_007_easy.json,maps/smooth_obstacles/terrain_smooth_obstacles_007_medium.json,maps/smooth_obstacles/terrain_smooth_obstacles_007_hard.json
train,terrain_smooth_obstacles_011,smooth_obstacles,11,terrain_smooth_obstacles_011_easy,terrain_smooth_obstacles_011_medium,terrain_smooth_obstacles_011_hard,maps/smooth_obstacles/terrain_smooth_obstacles_011_easy.json,maps/smooth_obstacles/terrain_smooth_obstacles_011_medium.json,maps/smooth_obstacles/terrain_smooth_obstacles_011_hard.json
train,terrain_smooth_obstacles_015,smooth_obstacles,15,terrain_smooth_obstacles_015_easy,terrain_smooth_obstacles_015_medium,terrain_smooth_obstacles_015_hard,maps/smooth_obstacles/terrain_smooth_obstacles_015_easy.json,maps/smooth_obstacles/terrain_smooth_obstacles_015_medium.json,maps/smooth_obstacles/terrain_smooth_obstacles_015_hard.json
train,terrain_smooth_obstacles_017,smooth_obstacles,17,terrain_smooth_obstacles_017_easy,terrain_smooth_obstacles_017_medium,terrain_smooth_obstacles_017_hard,maps/smooth_obstacles/terrain_smooth_obstacles_017_easy.json,maps/smooth_obstacles/terrain_smooth_obstacles_017_medium.json,maps/smooth_obstacles/terrain_smooth_obstacles_017_hard.json
train,terrain_smooth_obstacles_019,smooth_obstacles,19,terrain_smooth_obstacles_019_easy,terrain_smooth_obstacles_019_medium,terrain_smooth_obstacles_019_hard,maps/smooth_obstacles/terrain_smooth_obstacles_019_easy.json,maps/smooth_obstacles/terrain_smooth_obstacles_019_medium.json,maps/smooth_obstacles/terrain_smooth_obstacles_019_hard.json
train,terrain_smooth_obstacles_020,smooth_obstacles,20,terrain_smooth_obstacles_020_easy,terrain_smooth_obstacles_020_medium,terrain_smooth_obstacles_020_hard,maps/smooth_obstacles/terrain_smooth_obstacles_020_easy.json,maps/smooth_obstacles/terrain_smooth_obstacles_020_medium.json,maps/smooth_obstacles/terrain_smooth_obstacles_020_hard.json
train,terrain_smooth_obstacles_021,smooth_obstacles,21,terrain_smooth_obstacles_021_easy,terrain_smooth_obstacles_021_medium,terrain_smooth_obstacles_021_hard,maps/smooth_obstacles/terrain_smooth_obstacles_021_easy.json,maps/smooth_obstacles/terrain_smooth_obstacles_021_medium.json,maps/smooth_obstacles/terrain_smooth_obstacles_021_hard.json
train,terrain_smooth_obstacles_023,smooth_obstacles,23,terrain_smooth_obstacles_023_easy,terrain_smooth_obstacles_023_medium,terrain_smooth_obstacles_023_hard,maps/smooth_obstacles/terrain_smooth_obstacles_023_easy.json,maps/smooth_obstacles/terrain_smooth_obstacles_023_medium.json,maps/smooth_obstacles/terrain_smooth_obstacles_023_hard.json
train,terrain_smooth_obstacles_025,smooth_obstacles,25,terrain_smooth_obstacles_025_easy,terrain_smooth_obstacles_025_medium,terrain_smooth_obstacles_025_hard,maps/smooth_obstacles/terrain_smooth_obstacles_025_easy.json,maps/smooth_obstacles/terrain_smooth_obstacles_025_medium.json,maps/smooth_obstacles/terrain_smooth_obstacles_025_hard.json
train,terrain_smooth_obstacles_028,smooth_obstacles,28,terrain_smooth_obstacles_028_easy,terrain_smooth_obstacles_028_medium,terrain_smooth_obstacles_028_hard,maps/smooth_obstacles/terrain_smooth_obstacles_028_easy.json,maps/smooth_obstacles/terrain_smooth_obstacles_028_medium.json,maps/smooth_obstacles/terrain_smooth_obstacles_028_hard.json
train,terrain_smooth_obstacles_030,smooth_obstacles,30,terrain_smooth_obstacles_030_easy,terrain_smooth_obstacles_030_medium,terrain_smooth_obstacles_030_hard,maps/smooth_obstacles/terrain_smooth_obstacles_030_easy.json,maps/smooth_obstacles/terrain_smooth_obstacles_030_medium.json,maps/smooth_obstacles/terrain_smooth_obstacles_030_hard.json
train,terrain_smooth_obstacles_032,smooth_obstacles,32,terrain_smooth_obstacles_032_easy,terrain_smooth_obstacles_032_medium,terrain_smooth_obstacles_032_hard,maps/smooth_obstacles/terrain_smooth_obstacles_032_easy.json,maps/smooth_obstacles/terrain_smooth_obstacles_032_medium.json,maps/smooth_obstacles/terrain_smooth_obstacles_032_hard.json
train,terrain_smooth_obstacles_033,smooth_obstacles,33,terrain_smooth_obstacles_033_easy,terrain_smooth_obstacles_033_medium,terrain_smooth_obstacles_033_hard,maps/smooth_obstacles/terrain_smooth_obstacles_033_easy.json,maps/smooth_obstacles/terrain_smooth_obstacles_033_medium.json,maps/smooth_obstacles/terrain_smooth_obstacles_033_hard.json
train,terrain_smooth_obstacles_034,smooth_obstacles,34,terrain_smooth_obstacles_034_easy,terrain_smooth_obstacles_034_medium,terrain_smooth_obstacles_034_hard,maps/smooth_obstacles/terrain_smooth_obstacles_034_easy.json,maps/smooth_obstacles/terrain_smooth_obstacles_034_medium.json,maps/smooth_obstacles/terrain_smooth_obstacles_034_hard.json
train,terrain_smooth_obstacles_035,smooth_obstacles,35,terrain_smooth_obstacles_035_easy,terrain_smooth_obstacles_035_medium,terrain_smooth_obstacles_035_hard,maps/smooth_obstacles/terrain_smooth_obstacles_035_easy.json,maps/smooth_obstacles/terrain_smooth_obstacles_035_medium.json,maps/smooth_obstacles/terrain_smooth_obstacles_035_hard.json
train,terrain_smooth_obstacles_037,smooth_obstacles,37,terrain_smooth_obstacles_037_easy,terrain_smooth_obstacles_037_medium,terrain_smooth_obstacles_037_hard,maps/smooth_obstacles/terrain_smooth_obstacles_037_easy.json,maps/smooth_obstacles/terrain_smooth_obstacles_037_medium.json,maps/smooth_obstacles/terrain_smooth_obstacles_037_hard.json
train,terrain_smooth_obstacles_038,smooth_obstacles,38,terrain_smooth_obstacles_038_easy,terrain_smooth_obstacles_038_medium,terrain_smooth_obstacles_038_hard,maps/smooth_obstacles/terrain_smooth_obstacles_038_easy.json,maps/smooth_obstacles/terrain_smooth_obstacles_038_medium.json,maps/smooth_obstacles/terrain_smooth_obstacles_038_hard.json
train,terrain_smooth_obstacles_039,smooth_obstacles,39,terrain_smooth_obstacles_039_easy,terrain_smooth_obstacles_039_medium,terrain_smooth_obstacles_039_hard,maps/smooth_obstacles/terrain_smooth_obstacles_039_easy.json,maps/smooth_obstacles/terrain_smooth_obstacles_039_medium.json,maps/smooth_obstacles/terrain_smooth_obstacles_039_hard.json
train,terrain_smooth_obstacles_040,smooth_obstacles,40,terrain_smooth_obstacles_040_easy,terrain_smooth_obstacles_040_medium,terrain_smooth_obstacles_040_hard,maps/smooth_obstacles/terrain_smooth_obstacles_040_easy.json,maps/smooth_obstacles/terrain_smooth_obstacles_040_medium.json,maps/smooth_obstacles/terrain_smooth_obstacles_040_hard.json
train,terrain_smooth_obstacles_041,smooth_obstacles,41,terrain_smooth_obstacles_041_easy,terrain_smooth_obstacles_041_medium,terrain_smooth_obstacles_041_hard,maps/smooth_obstacles/terrain_smooth_obstacles_041_easy.json,maps/smooth_obstacles/terrain_smooth_obstacles_041_medium.json,maps/smooth_obstacles/terrain_smooth_obstacles_041_hard.json
train,terrain_smooth_obstacles_042,smooth_obstacles,42,terrain_smooth_obstacles_042_easy,terrain_smooth_obstacles_042_medium,terrain_smooth_obstacles_042_hard,maps/smooth_obstacles/terrain_smooth_obstacles_042_easy.json,maps/smooth_obstacles/terrain_smooth_obstacles_042_medium.json,maps/smooth_obstacles/terrain_smooth_obstacles_042_hard.json
train,terrain_smooth_obstacles_043,smooth_obstacles,43,terrain_smooth_obstacles_043_easy,terrain_smooth_obstacles_043_medium,terrain_smooth_obstacles_043_hard,maps/smooth_obstacles/terrain_smooth_obstacles_043_easy.json,maps/smooth_obstacles/terrain_smooth_obstacles_043_medium.json,maps/smooth_obstacles/terrain_smooth_obstacles_043_hard.json
train,terrain_smooth_obstacles_044,smooth_obstacles,44,terrain_smooth_obstacles_044_easy,terrain_smooth_obstacles_044_medium,terrain_smooth_obstacles_044_hard,maps/smooth_obstacles/terrain_smooth_obstacles_044_easy.json,maps/smooth_obstacles/terrain_smooth_obstacles_044_medium.json,maps/smooth_obstacles/terrain_smooth_obstacles_044_hard.json
train,terrain_smooth_obstacles_045,smooth_obstacles,45,terrain_smooth_obstacles_045_easy,terrain_smooth_obstacles_045_medium,terrain_smooth_obstacles_045_hard,maps/smooth_obstacles/terrain_smooth_obstacles_045_easy.json,maps/smooth_obstacles/terrain_smooth_obstacles_045_medium.json,maps/smooth_obstacles/terrain_smooth_obstacles_045_hard.json
train,terrain_smooth_obstacles_046,smooth_obstacles,46,terrain_smooth_obstacles_046_easy,terrain_smooth_obstacles_046_medium,terrain_smooth_obstacles_046_hard,maps/smooth_obstacles/terrain_smooth_obstacles_046_easy.json,maps/smooth_obstacles/terrain_smooth_obstacles_046_medium.json,maps/smooth_obstacles/terrain_smooth_obstacles_046_hard.json
train,terrain_smooth_obstacles_048,smooth_obstacles,48,terrain_smooth_obstacles_048_easy,terrain_smooth_obstacles_048_medium,terrain_smooth_obstacles_048_hard,maps/smooth_obstacles/terrain_smooth_obstacles_048_easy.json,maps/smooth_obstacles/terrain_smooth_obstacles_048_medium.json,maps/smooth_obstacles/terrain_smooth_obstacles_048_hard.json
train,terrain_smooth_obstacles_049,smooth_obstacles,49,terrain_smooth_obstacles_049_easy,terrain_smooth_obstacles_049_medium,terrain_smooth_obstacles_049_hard,maps/smooth_obstacles/terrain_smooth_obstacles_049_easy.json,maps/smooth_obstacles/terrain_smooth_obstacles_049_medium.json,maps/smooth_obstacles/terrain_smooth_obstacles_049_hard.json
train,terrain_smooth_obstacles_051,smooth_obstacles,51,terrain_smooth_obstacles_051_easy,terrain_smooth_obstacles_051_medium,terrain_smooth_obstacles_051_hard,maps/smooth_obstacles/terrain_smooth_obstacles_051_easy.json,maps/smooth_obstacles/terrain_smooth_obstacles_051_medium.json,maps/smooth_obstacles/terrain_smooth_obstacles_051_hard.json
train,terrain_smooth_obstacles_052,smooth_obstacles,52,terrain_smooth_obstacles_052_easy,terrain_smooth_obstacles_052_medium,terrain_smooth_obstacles_052_hard,maps/smooth_obstacles/terrain_smooth_obstacles_052_easy.json,maps/smooth_obstacles/terrain_smooth_obstacles_052_medium.json,maps/smooth_obstacles/terrain_smooth_obstacles_052_hard.json
train,terrain_smooth_obstacles_055,smooth_obstacles,55,terrain_smooth_obstacles_055_easy,terrain_smooth_obstacles_055_medium,terrain_smooth_obstacles_055_hard,maps/smooth_obstacles/terrain_smooth_obstacles_055_easy.json,maps/smooth_obstacles/terrain_smooth_obstacles_055_medium.json,maps/smooth_obstacles/terrain_smooth_obstacles_055_hard.json
train,terrain_smooth_obstacles_056,smooth_obstacles,56,terrain_smooth_obstacles_056_easy,terrain_smooth_obstacles_056_medium,terrain_smooth_obstacles_056_hard,maps/smooth_obstacles/terrain_smooth_obstacles_056_easy.json,maps/smooth_obstacles/terrain_smooth_obstacles_056_medium.json,maps/smooth_obstacles/terrain_smooth_obstacles_056_hard.json
train,terrain_smooth_obstacles_057,smooth_obstacles,57,terrain_smooth_obstacles_057_easy,terrain_smooth_obstacles_057_medium,terrain_smooth_obstacles_057_hard,maps/smooth_obstacles/terrain_smooth_obstacles_057_easy.json,maps/smooth_obstacles/terrain_smooth_obstacles_057_medium.json,maps/smooth_obstacles/terrain_smooth_obstacles_057_hard.json
train,terrain_smooth_obstacles_058,smooth_obstacles,58,terrain_smooth_obstacles_058_easy,terrain_smooth_obstacles_058_medium,terrain_smooth_obstacles_058_hard,maps/smooth_obstacles/terrain_smooth_obstacles_058_easy.json,maps/smooth_obstacles/terrain_smooth_obstacles_058_medium.json,maps/smooth_obstacles/terrain_smooth_obstacles_058_hard.json
train,terrain_smooth_obstacles_059,smooth_obstacles,59,terrain_smooth_obstacles_059_easy,terrain_smooth_obstacles_059_medium,terrain_smooth_obstacles_059_hard,maps/smooth_obstacles/terrain_smooth_obstacles_059_easy.json,maps/smooth_obstacles/terrain_smooth_obstacles_059_medium.json,maps/smooth_obstacles/terrain_smooth_obstacles_059_hard.json
train,terrain_smooth_obstacles_061,smooth_obstacles,61,terrain_smooth_obstacles_061_easy,terrain_smooth_obstacles_061_medium,terrain_smooth_obstacles_061_hard,maps/smooth_obstacles/terrain_smooth_obstacles_061_easy.json,maps/smooth_obstacles/terrain_smooth_obstacles_061_medium.json,maps/smooth_obstacles/terrain_smooth_obstacles_061_hard.json
train,terrain_smooth_obstacles_062,smooth_obstacles,62,terrain_smooth_obstacles_062_easy,terrain_smooth_obstacles_062_medium,terrain_smooth_obstacles_062_hard,maps/smooth_obstacles/terrain_smooth_obstacles_062_easy.json,maps/smooth_obstacles/terrain_smooth_obstacles_062_medium.json,maps/smooth_obstacles/terrain_smooth_obstacles_062_hard.json
train,terrain_smooth_obstacles_064,smooth_obstacles,64,terrain_smooth_obstacles_064_easy,terrain_smooth_obstacles_064_medium,terrain_smooth_obstacles_064_hard,maps/smooth_obstacles/terrain_smooth_obstacles_064_easy.json,maps/smooth_obstacles/terrain_smooth_obstacles_064_medium.json,maps/smooth_obstacles/terrain_smooth_obstacles_064_hard.json
train,terrain_smooth_obstacles_068,smooth_obstacles,68,terrain_smooth_obstacles_068_easy,terrain_smooth_obstacles_068_medium,terrain_smooth_obstacles_068_hard,maps/smooth_obstacles/terrain_smooth_obstacles_068_easy.json,maps/smooth_obstacles/terrain_smooth_obstacles_068_medium.json,maps/smooth_obstacles/terrain_smooth_obstacles_068_hard.json
train,terrain_smooth_obstacles_070,smooth_obstacles,70,terrain_smooth_obstacles_070_easy,terrain_smooth_obstacles_070_medium,terrain_smooth_obstacles_070_hard,maps/smooth_obstacles/terrain_smooth_obstacles_070_easy.json,maps/smooth_obstacles/terrain_smooth_obstacles_070_medium.json,maps/smooth_obstacles/terrain_smooth_obstacles_070_hard.json
train,terrain_smooth_obstacles_071,smooth_obstacles,71,terrain_smooth_obstacles_071_easy,terrain_smooth_obstacles_071_medium,terrain_smooth_obstacles_071_hard,maps/smooth_obstacles/terrain_smooth_obstacles_071_easy.json,maps/smooth_obstacles/terrain_smooth_obstacles_071_medium.json,maps/smooth_obstacles/terrain_smooth_obstacles_071_hard.json
train,terrain_smooth_obstacles_072,smooth_obstacles,72,terrain_smooth_obstacles_072_easy,terrain_smooth_obstacles_072_medium,terrain_smooth_obstacles_072_hard,maps/smooth_obstacles/terrain_smooth_obstacles_072_easy.json,maps/smooth_obstacles/terrain_smooth_obstacles_072_medium.json,maps/smooth_obstacles/terrain_smooth_obstacles_072_hard.json
train,terrain_smooth_obstacles_073,smooth_obstacles,73,terrain_smooth_obstacles_073_easy,terrain_smooth_obstacles_073_medium,terrain_smooth_obstacles_073_hard,maps/smooth_obstacles/terrain_smooth_obstacles_073_easy.json,maps/smooth_obstacles/terrain_smooth_obstacles_073_medium.json,maps/smooth_obstacles/terrain_smooth_obstacles_073_hard.json
train,terrain_smooth_obstacles_076,smooth_obstacles,76,terrain_smooth_obstacles_076_easy,terrain_smooth_obstacles_076_medium,terrain_smooth_obstacles_076_hard,maps/smooth_obstacles/terrain_smooth_obstacles_076_easy.json,maps/smooth_obstacles/terrain_smooth_obstacles_076_medium.json,maps/smooth_obstacles/terrain_smooth_obstacles_076_hard.json
train,terrain_smooth_obstacles_077,smooth_obstacles,77,terrain_smooth_obstacles_077_easy,terrain_smooth_obstacles_077_medium,terrain_smooth_obstacles_077_hard,maps/smooth_obstacles/terrain_smooth_obstacles_077_easy.json,maps/smooth_obstacles/terrain_smooth_obstacles_077_medium.json,maps/smooth_obstacles/terrain_smooth_obstacles_077_hard.json
train,terrain_smooth_obstacles_078,smooth_obstacles,78,terrain_smooth_obstacles_078_easy,terrain_smooth_obstacles_078_medium,terrain_smooth_obstacles_078_hard,maps/smooth_obstacles/terrain_smooth_obstacles_078_easy.json,maps/smooth_obstacles/terrain_smooth_obstacles_078_medium.json,maps/smooth_obstacles/terrain_smooth_obstacles_078_hard.json
train,terrain_smooth_obstacles_079,smooth_obstacles,79,terrain_smooth_obstacles_079_easy,terrain_smooth_obstacles_079_medium,terrain_smooth_obstacles_079_hard,maps/smooth_obstacles/terrain_smooth_obstacles_079_easy.json,maps/smooth_obstacles/terrain_smooth_obstacles_079_medium.json,maps/smooth_obstacles/terrain_smooth_obstacles_079_hard.json
train,terrain_smooth_obstacles_080,smooth_obstacles,80,terrain_smooth_obstacles_080_easy,terrain_smooth_obstacles_080_medium,terrain_smooth_obstacles_080_hard,maps/smooth_obstacles/terrain_smooth_obstacles_080_easy.json,maps/smooth_obstacles/terrain_smooth_obstacles_080_medium.json,maps/smooth_obstacles/terrain_smooth_obstacles_080_hard.json
train,terrain_smooth_obstacles_081,smooth_obstacles,81,terrain_smooth_obstacles_081_easy,terrain_smooth_obstacles_081_medium,terrain_smooth_obstacles_081_hard,maps/smooth_obstacles/terrain_smooth_obstacles_081_easy.json,maps/smooth_obstacles/terrain_smooth_obstacles_081_medium.json,maps/smooth_obstacles/terrain_smooth_obstacles_081_hard.json
train,terrain_smooth_obstacles_082,smooth_obstacles,82,terrain_smooth_obstacles_082_easy,terrain_smooth_obstacles_082_medium,terrain_smooth_obstacles_082_hard,maps/smooth_obstacles/terrain_smooth_obstacles_082_easy.json,maps/smooth_obstacles/terrain_smooth_obstacles_082_medium.json,maps/smooth_obstacles/terrain_smooth_obstacles_082_hard.json
train,terrain_smooth_obstacles_084,smooth_obstacles,84,terrain_smooth_obstacles_084_easy,terrain_smooth_obstacles_084_medium,terrain_smooth_obstacles_084_hard,maps/smooth_obstacles/terrain_smooth_obstacles_084_easy.json,maps/smooth_obstacles/terrain_smooth_obstacles_084_medium.json,maps/smooth_obstacles/terrain_smooth_obstacles_084_hard.json
train,terrain_smooth_obstacles_085,smooth_obstacles,85,terrain_smooth_obstacles_085_easy,terrain_smooth_obstacles_085_medium,terrain_smooth_obstacles_085_hard,maps/smooth_obstacles/terrain_smooth_obstacles_085_easy.json,maps/smooth_obstacles/terrain_smooth_obstacles_085_medium.json,maps/smooth_obstacles/terrain_smooth_obstacles_085_hard.json
train,terrain_smooth_obstacles_086,smooth_obstacles,86,terrain_smooth_obstacles_086_easy,terrain_smooth_obstacles_086_medium,terrain_smooth_obstacles_086_hard,maps/smooth_obstacles/terrain_smooth_obstacles_086_easy.json,maps/smooth_obstacles/terrain_smooth_obstacles_086_medium.json,maps/smooth_obstacles/terrain_smooth_obstacles_086_hard.json
train,terrain_smooth_obstacles_087,smooth_obstacles,87,terrain_smooth_obstacles_087_easy,terrain_smooth_obstacles_087_medium,terrain_smooth_obstacles_087_hard,maps/smooth_obstacles/terrain_smooth_obstacles_087_easy.json,maps/smooth_obstacles/terrain_smooth_obstacles_087_medium.json,maps/smooth_obstacles/terrain_smooth_obstacles_087_hard.json
train,terrain_smooth_obstacles_088,smooth_obstacles,88,terrain_smooth_obstacles_088_easy,terrain_smooth_obstacles_088_medium,terrain_smooth_obstacles_088_hard,maps/smooth_obstacles/terrain_smooth_obstacles_088_easy.json,maps/smooth_obstacles/terrain_smooth_obstacles_088_medium.json,maps/smooth_obstacles/terrain_smooth_obstacles_088_hard.json
train,terrain_smooth_obstacles_091,smooth_obstacles,91,terrain_smooth_obstacles_091_easy,terrain_smooth_obstacles_091_medium,terrain_smooth_obstacles_091_hard,maps/smooth_obstacles/terrain_smooth_obstacles_091_easy.json,maps/smooth_obstacles/terrain_smooth_obstacles_091_medium.json,maps/smooth_obstacles/terrain_smooth_obstacles_091_hard.json
train,terrain_smooth_obstacles_092,smooth_obstacles,92,terrain_smooth_obstacles_092_easy,terrain_smooth_obstacles_092_medium,terrain_smooth_obstacles_092_hard,maps/smooth_obstacles/terrain_smooth_obstacles_092_easy.json,maps/smooth_obstacles/terrain_smooth_obstacles_092_medium.json,maps/smooth_obstacles/terrain_smooth_obstacles_092_hard.json
train,terrain_smooth_obstacles_093,smooth_obstacles,93,terrain_smooth_obstacles_093_easy,terrain_smooth_obstacles_093_medium,terrain_smooth_obstacles_093_hard,maps/smooth_obstacles/terrain_smooth_obstacles_093_easy.json,maps/smooth_obstacles/terrain_smooth_obstacles_093_medium.json,maps/smooth_obstacles/terrain_smooth_obstacles_093_hard.json
train,terrain_smooth_obstacles_095,smooth_obstacles,95,terrain_smooth_obstacles_095_easy,terrain_smooth_obstacles_095_medium,terrain_smooth_obstacles_095_hard,maps/smooth_obstacles/terrain_smooth_obstacles_095_easy.json,maps/smooth_obstacles/terrain_smooth_obstacles_095_medium.json,maps/smooth_obstacles/terrain_smooth_obstacles_095_hard.json
train,terrain_smooth_obstacles_096,smooth_obstacles,96,terrain_smooth_obstacles_096_easy,terrain_smooth_obstacles_096_medium,terrain_smooth_obstacles_096_hard,maps/smooth_obstacles/terrain_smooth_obstacles_096_easy.json,maps/smooth_obstacles/terrain_smooth_obstacles_096_medium.json,maps/smooth_obstacles/terrain_smooth_obstacles_096_hard.json
train,terrain_smooth_obstacles_097,smooth_obstacles,97,terrain_smooth_obstacles_097_easy,terrain_smooth_obstacles_097_medium,terrain_smooth_obstacles_097_hard,maps/smooth_obstacles/terrain_smooth_obstacles_097_easy.json,maps/smooth_obstacles/terrain_smooth_obstacles_097_medium.json,maps/smooth_obstacles/terrain_smooth_obstacles_097_hard.json
train,terrain_smooth_obstacles_098,smooth_obstacles,98,terrain_smooth_obstacles_098_easy,terrain_smooth_obstacles_098_medium,terrain_smooth_obstacles_098_hard,maps/smooth_obstacles/terrain_smooth_obstacles_098_easy.json,maps/smooth_obstacles/terrain_smooth_obstacles_098_medium.json,maps/smooth_obstacles/terrain_smooth_obstacles_098_hard.json
train,terrain_smooth_obstacles_099,smooth_obstacles,99,terrain_smooth_obstacles_099_easy,terrain_smooth_obstacles_099_medium,terrain_smooth_obstacles_099_hard,maps/smooth_obstacles/terrain_smooth_obstacles_099_easy.json,maps/smooth_obstacles/terrain_smooth_obstacles_099_medium.json,maps/smooth_obstacles/terrain_smooth_obstacles_099_hard.json
train,terrain_smooth_obstacles_100,smooth_obstacles,100,terrain_smooth_obstacles_100_easy,terrain_smooth_obstacles_100_medium,terrain_smooth_obstacles_100_hard,maps/smooth_obstacles/terrain_smooth_obstacles_100_easy.json,maps/smooth_obstacles/terrain_smooth_obstacles_100_medium.json,maps/smooth_obstacles/terrain_smooth_obstacles_100_hard.json
train,terrain_smooth_obstacles_101,smooth_obstacles,101,terrain_smooth_obstacles_101_easy,terrain_smooth_obstacles_101_medium,terrain_smooth_obstacles_101_hard,maps/smooth_obstacles/terrain_smooth_obstacles_101_easy.json,maps/smooth_obstacles/terrain_smooth_obstacles_101_medium.json,maps/smooth_obstacles/terrain_smooth_obstacles_101_hard.json
train,terrain_smooth_obstacles_102,smooth_obstacles,102,terrain_smooth_obstacles_102_easy,terrain_smooth_obstacles_102_medium,terrain_smooth_obstacles_102_hard,maps/smooth_obstacles/terrain_smooth_obstacles_102_easy.json,maps/smooth_obstacles/terrain_smooth_obstacles_102_medium.json,maps/smooth_obstacles/terrain_smooth_obstacles_102_hard.json
train,terrain_smooth_obstacles_103,smooth_obstacles,103,terrain_smooth_obstacles_103_easy,terrain_smooth_obstacles_103_medium,terrain_smooth_obstacles_103_hard,maps/smooth_obstacles/terrain_smooth_obstacles_103_easy.json,maps/smooth_obstacles/terrain_smooth_obstacles_103_medium.json,maps/smooth_obstacles/terrain_smooth_obstacles_103_hard.json
train,terrain_smooth_obstacles_105,smooth_obstacles,105,terrain_smooth_obstacles_105_easy,terrain_smooth_obstacles_105_medium,terrain_smooth_obstacles_105_hard,maps/smooth_obstacles/terrain_smooth_obstacles_105_easy.json,maps/smooth_obstacles/terrain_smooth_obstacles_105_medium.json,maps/smooth_obstacles/terrain_smooth_obstacles_105_hard.json
train,terrain_smooth_obstacles_106,smooth_obstacles,106,terrain_smooth_obstacles_106_easy,terrain_smooth_obstacles_106_medium,terrain_smooth_obstacles_106_hard,maps/smooth_obstacles/terrain_smooth_obstacles_106_easy.json,maps/smooth_obstacles/terrain_smooth_obstacles_106_medium.json,maps/smooth_obstacles/terrain_smooth_obstacles_106_hard.json
train,terrain_smooth_obstacles_108,smooth_obstacles,108,terrain_smooth_obstacles_108_easy,terrain_smooth_obstacles_108_medium,terrain_smooth_obstacles_108_hard,maps/smooth_obstacles/terrain_smooth_obstacles_108_easy.json,maps/smooth_obstacles/terrain_smooth_obstacles_108_medium.json,maps/smooth_obstacles/terrain_smooth_obstacles_108_hard.json
train,terrain_smooth_obstacles_111,smooth_obstacles,111,terrain_smooth_obstacles_111_easy,terrain_smooth_obstacles_111_medium,terrain_smooth_obstacles_111_hard,maps/smooth_obstacles/terrain_smooth_obstacles_111_easy.json,maps/smooth_obstacles/terrain_smooth_obstacles_111_medium.json,maps/smooth_obstacles/terrain_smooth_obstacles_111_hard.json
train,terrain_smooth_obstacles_112,smooth_obstacles,112,terrain_smooth_obstacles_112_easy,terrain_smooth_obstacles_112_medium,terrain_smooth_obstacles_112_hard,maps/smooth_obstacles/terrain_smooth_obstacles_112_easy.json,maps/smooth_obstacles/terrain_smooth_obstacles_112_medium.json,maps/smooth_obstacles/terrain_smooth_obstacles_112_hard.json
train,terrain_smooth_obstacles_113,smooth_obstacles,113,terrain_smooth_obstacles_113_easy,terrain_smooth_obstacles_113_medium,terrain_smooth_obstacles_113_hard,maps/smooth_obstacles/terrain_smooth_obstacles_113_easy.json,maps/smooth_obstacles/terrain_smooth_obstacles_113_medium.json,maps/smooth_obstacles/terrain_smooth_obstacles_113_hard.json
train,terrain_smooth_obstacles_114,smooth_obstacles,114,terrain_smooth_obstacles_114_easy,terrain_smooth_obstacles_114_medium,terrain_smooth_obstacles_114_hard,maps/smooth_obstacles/terrain_smooth_obstacles_114_easy.json,maps/smooth_obstacles/terrain_smooth_obstacles_114_medium.json,maps/smooth_obstacles/terrain_smooth_obstacles_114_hard.json
train,terrain_smooth_obstacles_115,smooth_obstacles,115,terrain_smooth_obstacles_115_easy,terrain_smooth_obstacles_115_medium,terrain_smooth_obstacles_115_hard,maps/smooth_obstacles/terrain_smooth_obstacles_115_easy.json,maps/smooth_obstacles/terrain_smooth_obstacles_115_medium.json,maps/smooth_obstacles/terrain_smooth_obstacles_115_hard.json
train,terrain_smooth_obstacles_116,smooth_obstacles,116,terrain_smooth_obstacles_116_easy,terrain_smooth_obstacles_116_medium,terrain_smooth_obstacles_116_hard,maps/smooth_obstacles/terrain_smooth_obstacles_116_easy.json,maps/smooth_obstacles/terrain_smooth_obstacles_116_medium.json,maps/smooth_obstacles/terrain_smooth_obstacles_116_hard.json
train,terrain_smooth_obstacles_117,smooth_obstacles,117,terrain_smooth_obstacles_117_easy,terrain_smooth_obstacles_117_medium,terrain_smooth_obstacles_117_hard,maps/smooth_obstacles/terrain_smooth_obstacles_117_easy.json,maps/smooth_obstacles/terrain_smooth_obstacles_117_medium.json,maps/smooth_obstacles/terrain_smooth_obstacles_117_hard.json
train,terrain_smooth_obstacles_118,smooth_obstacles,118,terrain_smooth_obstacles_118_easy,terrain_smooth_obstacles_118_medium,terrain_smooth_obstacles_118_hard,maps/smooth_obstacles/terrain_smooth_obstacles_118_easy.json,maps/smooth_obstacles/terrain_smooth_obstacles_118_medium.json,maps/smooth_obstacles/terrain_smooth_obstacles_118_hard.json
train,terrain_smooth_obstacles_119,smooth_obstacles,119,terrain_smooth_obstacles_119_easy,terrain_smooth_obstacles_119_medium,terrain_smooth_obstacles_119_hard,maps/smooth_obstacles/terrain_smooth_obstacles_119_easy.json,maps/smooth_obstacles/terrain_smooth_obstacles_119_medium.json,maps/smooth_obstacles/terrain_smooth_obstacles_119_hard.json
train,terrain_smooth_obstacles_120,smooth_obstacles,120,terrain_smooth_obstacles_120_easy,terrain_smooth_obstacles_120_medium,terrain_smooth_obstacles_120_hard,maps/smooth_obstacles/terrain_smooth_obstacles_120_easy.json,maps/smooth_obstacles/terrain_smooth_obstacles_120_medium.json,maps/smooth_obstacles/terrain_smooth_obstacles_120_hard.json
train,terrain_smooth_obstacles_121,smooth_obstacles,121,terrain_smooth_obstacles_121_easy,terrain_smooth_obstacles_121_medium,terrain_smooth_obstacles_121_hard,maps/smooth_obstacles/terrain_smooth_obstacles_121_easy.json,maps/smooth_obstacles/terrain_smooth_obstacles_121_medium.json,maps/smooth_obstacles/terrain_smooth_obstacles_121_hard.json
train,terrain_smooth_obstacles_123,smooth_obstacles,123,terrain_smooth_obstacles_123_easy,terrain_smooth_obstacles_123_medium,terrain_smooth_obstacles_123_hard,maps/smooth_obstacles/terrain_smooth_obstacles_123_easy.json,maps/smooth_obstacles/terrain_smooth_obstacles_123_medium.json,maps/smooth_obstacles/terrain_smooth_obstacles_123_hard.json
train,terrain_smooth_obstacles_124,smooth_obstacles,124,terrain_smooth_obstacles_124_easy,terrain_smooth_obstacles_124_medium,terrain_smooth_obstacles_124_hard,maps/smooth_obstacles/terrain_smooth_obstacles_124_easy.json,maps/smooth_obstacles/terrain_smooth_obstacles_124_medium.json,maps/smooth_obstacles/terrain_smooth_obstacles_124_hard.json
train,terrain_smooth_obstacles_125,smooth_obstacles,125,terrain_smooth_obstacles_125_easy,terrain_smooth_obstacles_125_medium,terrain_smooth_obstacles_125_hard,maps/smooth_obstacles/terrain_smooth_obstacles_125_easy.json,maps/smooth_obstacles/terrain_smooth_obstacles_125_medium.json,maps/smooth_obstacles/terrain_smooth_obstacles_125_hard.json
train,terrain_smooth_obstacles_127,smooth_obstacles,127,terrain_smooth_obstacles_127_easy,terrain_smooth_obstacles_127_medium,terrain_smooth_obstacles_127_hard,maps/smooth_obstacles/terrain_smooth_obstacles_127_easy.json,maps/smooth_obstacles/terrain_smooth_obstacles_127_medium.json,maps/smooth_obstacles/terrain_smooth_obstacles_127_hard.json
train,terrain_smooth_obstacles_128,smooth_obstacles,128,terrain_smooth_obstacles_128_easy,terrain_smooth_obstacles_128_medium,terrain_smooth_obstacles_128_hard,maps/smooth_obstacles/terrain_smooth_obstacles_128_easy.json,maps/smooth_obstacles/terrain_smooth_obstacles_128_medium.json,maps/smooth_obstacles/terrain_smooth_obstacles_128_hard.json
train,terrain_smooth_obstacles_129,smooth_obstacles,129,terrain_smooth_obstacles_129_easy,terrain_smooth_obstacles_129_medium,terrain_smooth_obstacles_129_hard,maps/smooth_obstacles/terrain_smooth_obstacles_129_easy.json,maps/smooth_obstacles/terrain_smooth_obstacles_129_medium.json,maps/smooth_obstacles/terrain_smooth_obstacles_129_hard.json
train,terrain_smooth_obstacles_130,smooth_obstacles,130,terrain_smooth_obstacles_130_easy,terrain_smooth_obstacles_130_medium,terrain_smooth_obstacles_130_hard,maps/smooth_obstacles/terrain_smooth_obstacles_130_easy.json,maps/smooth_obstacles/terrain_smooth_obstacles_130_medium.json,maps/smooth_obstacles/terrain_smooth_obstacles_130_hard.json
train,terrain_smooth_obstacles_134,smooth_obstacles,134,terrain_smooth_obstacles_134_easy,terrain_smooth_obstacles_134_medium,terrain_smooth_obstacles_134_hard,maps/smooth_obstacles/terrain_smooth_obstacles_134_easy.json,maps/smooth_obstacles/terrain_smooth_obstacles_134_medium.json,maps/smooth_obstacles/terrain_smooth_obstacles_134_hard.json
train,terrain_smooth_obstacles_135,smooth_obstacles,135,terrain_smooth_obstacles_135_easy,terrain_smooth_obstacles_135_medium,terrain_smooth_obstacles_135_hard,maps/smooth_obstacles/terrain_smooth_obstacles_135_easy.json,maps/smooth_obstacles/terrain_smooth_obstacles_135_medium.json,maps/smooth_obstacles/terrain_smooth_obstacles_135_hard.json
train,terrain_smooth_obstacles_136,smooth_obstacles,136,terrain_smooth_obstacles_136_easy,terrain_smooth_obstacles_136_medium,terrain_smooth_obstacles_136_hard,maps/smooth_obstacles/terrain_smooth_obstacles_136_easy.json,maps/smooth_obstacles/terrain_smooth_obstacles_136_medium.json,maps/smooth_obstacles/terrain_smooth_obstacles_136_hard.json
train,terrain_smooth_obstacles_137,smooth_obstacles,137,terrain_smooth_obstacles_137_easy,terrain_smooth_obstacles_137_medium,terrain_smooth_obstacles_137_hard,maps/smooth_obstacles/terrain_smooth_obstacles_137_easy.json,maps/smooth_obstacles/terrain_smooth_obstacles_137_medium.json,maps/smooth_obstacles/terrain_smooth_obstacles_137_hard.json
train,terrain_smooth_obstacles_138,smooth_obstacles,138,terrain_smooth_obstacles_138_easy,terrain_smooth_obstacles_138_medium,terrain_smooth_obstacles_138_hard,maps/smooth_obstacles/terrain_smooth_obstacles_138_easy.json,maps/smooth_obstacles/terrain_smooth_obstacles_138_medium.json,maps/smooth_obstacles/terrain_smooth_obstacles_138_hard.json
train,terrain_smooth_obstacles_139,smooth_obstacles,139,terrain_smooth_obstacles_139_easy,terrain_smooth_obstacles_139_medium,terrain_smooth_obstacles_139_hard,maps/smooth_obstacles/terrain_smooth_obstacles_139_easy.json,maps/smooth_obstacles/terrain_smooth_obstacles_139_medium.json,maps/smooth_obstacles/terrain_smooth_obstacles_139_hard.json
train,terrain_smooth_obstacles_140,smooth_obstacles,140,terrain_smooth_obstacles_140_easy,terrain_smooth_obstacles_140_medium,terrain_smooth_obstacles_140_hard,maps/smooth_obstacles/terrain_smooth_obstacles_140_easy.json,maps/smooth_obstacles/terrain_smooth_obstacles_140_medium.json,maps/smooth_obstacles/terrain_smooth_obstacles_140_hard.json
train,terrain_smooth_obstacles_142,smooth_obstacles,142,terrain_smooth_obstacles_142_easy,terrain_smooth_obstacles_142_medium,terrain_smooth_obstacles_142_hard,maps/smooth_obstacles/terrain_smooth_obstacles_142_easy.json,maps/smooth_obstacles/terrain_smooth_obstacles_142_medium.json,maps/smooth_obstacles/terrain_smooth_obstacles_142_hard.json
train,terrain_smooth_obstacles_143,smooth_obstacles,143,terrain_smooth_obstacles_143_easy,terrain_smooth_obstacles_143_medium,terrain_smooth_obstacles_143_hard,maps/smooth_obstacles/terrain_smooth_obstacles_143_easy.json,maps/smooth_obstacles/terrain_smooth_obstacles_143_medium.json,maps/smooth_obstacles/terrain_smooth_obstacles_143_hard.json
train,terrain_smooth_obstacles_144,smooth_obstacles,144,terrain_smooth_obstacles_144_easy,terrain_smooth_obstacles_144_medium,terrain_smooth_obstacles_144_hard,maps/smooth_obstacles/terrain_smooth_obstacles_144_easy.json,maps/smooth_obstacles/terrain_smooth_obstacles_144_medium.json,maps/smooth_obstacles/terrain_smooth_obstacles_144_hard.json
train,terrain_smooth_obstacles_145,smooth_obstacles,145,terrain_smooth_obstacles_145_easy,terrain_smooth_obstacles_145_medium,terrain_smooth_obstacles_145_hard,maps/smooth_obstacles/terrain_smooth_obstacles_145_easy.json,maps/smooth_obstacles/terrain_smooth_obstacles_145_medium.json,maps/smooth_obstacles/terrain_smooth_obstacles_145_hard.json
train,terrain_smooth_obstacles_146,smooth_obstacles,146,terrain_smooth_obstacles_146_easy,terrain_smooth_obstacles_146_medium,terrain_smooth_obstacles_146_hard,maps/smooth_obstacles/terrain_smooth_obstacles_146_easy.json,maps/smooth_obstacles/terrain_smooth_obstacles_146_medium.json,maps/smooth_obstacles/terrain_smooth_obstacles_146_hard.json
train,terrain_smooth_obstacles_147,smooth_obstacles,147,terrain_smooth_obstacles_147_easy,terrain_smooth_obstacles_147_medium,terrain_smooth_obstacles_147_hard,maps/smooth_obstacles/terrain_smooth_obstacles_147_easy.json,maps/smooth_obstacles/terrain_smooth_obstacles_147_medium.json,maps/smooth_obstacles/terrain_smooth_obstacles_147_hard.json
train,terrain_smooth_obstacles_149,smooth_obstacles,149,terrain_smooth_obstacles_149_easy,terrain_smooth_obstacles_149_medium,terrain_smooth_obstacles_149_hard,maps/smooth_obstacles/terrain_smooth_obstacles_149_easy.json,maps/smooth_obstacles/terrain_smooth_obstacles_149_medium.json,maps/smooth_obstacles/terrain_smooth_obstacles_149_hard.json
train,terrain_smooth_obstacles_151,smooth_obstacles,151,terrain_smooth_obstacles_151_easy,terrain_smooth_obstacles_151_medium,terrain_smooth_obstacles_151_hard,maps/smooth_obstacles/terrain_smooth_obstacles_151_easy.json,maps/smooth_obstacles/terrain_smooth_obstacles_151_medium.json,maps/smooth_obstacles/terrain_smooth_obstacles_151_hard.json
train,terrain_smooth_obstacles_152,smooth_obstacles,152,terrain_smooth_obstacles_152_easy,terrain_smooth_obstacles_152_medium,terrain_smooth_obstacles_152_hard,maps/smooth_obstacles/terrain_smooth_obstacles_152_easy.json,maps/smooth_obstacles/terrain_smooth_obstacles_152_medium.json,maps/smooth_obstacles/terrain_smooth_obstacles_152_hard.json
train,terrain_smooth_obstacles_153,smooth_obstacles,153,terrain_smooth_obstacles_153_easy,terrain_smooth_obstacles_153_medium,terrain_smooth_obstacles_153_hard,maps/smooth_obstacles/terrain_smooth_obstacles_153_easy.json,maps/smooth_obstacles/terrain_smooth_obstacles_153_medium.json,maps/smooth_obstacles/terrain_smooth_obstacles_153_hard.json
train,terrain_smooth_obstacles_154,smooth_obstacles,154,terrain_smooth_obstacles_154_easy,terrain_smooth_obstacles_154_medium,terrain_smooth_obstacles_154_hard,maps/smooth_obstacles/terrain_smooth_obstacles_154_easy.json,maps/smooth_obstacles/terrain_smooth_obstacles_154_medium.json,maps/smooth_obstacles/terrain_smooth_obstacles_154_hard.json
train,terrain_smooth_obstacles_157,smooth_obstacles,157,terrain_smooth_obstacles_157_easy,terrain_smooth_obstacles_157_medium,terrain_smooth_obstacles_157_hard,maps/smooth_obstacles/terrain_smooth_obstacles_157_easy.json,maps/smooth_obstacles/terrain_smooth_obstacles_157_medium.json,maps/smooth_obstacles/terrain_smooth_obstacles_157_hard.json
train,terrain_smooth_obstacles_158,smooth_obstacles,158,terrain_smooth_obstacles_158_easy,terrain_smooth_obstacles_158_medium,terrain_smooth_obstacles_158_hard,maps/smooth_obstacles/terrain_smooth_obstacles_158_easy.json,maps/smooth_obstacles/terrain_smooth_obstacles_158_medium.json,maps/smooth_obstacles/terrain_smooth_obstacles_158_hard.json
train,terrain_smooth_obstacles_159,smooth_obstacles,159,terrain_smooth_obstacles_159_easy,terrain_smooth_obstacles_159_medium,terrain_smooth_obstacles_159_hard,maps/smooth_obstacles/terrain_smooth_obstacles_159_easy.json,maps/smooth_obstacles/terrain_smooth_obstacles_159_medium.json,maps/smooth_obstacles/terrain_smooth_obstacles_159_hard.json
train,terrain_smooth_obstacles_160,smooth_obstacles,160,terrain_smooth_obstacles_160_easy,terrain_smooth_obstacles_160_medium,terrain_smooth_obstacles_160_hard,maps/smooth_obstacles/terrain_smooth_obstacles_160_easy.json,maps/smooth_obstacles/terrain_smooth_obstacles_160_medium.json,maps/smooth_obstacles/terrain_smooth_obstacles_160_hard.json
train,terrain_smooth_obstacles_161,smooth_obstacles,161,terrain_smooth_obstacles_161_easy,terrain_smooth_obstacles_161_medium,terrain_smooth_obstacles_161_hard,maps/smooth_obstacles/terrain_smooth_obstacles_161_easy.json,maps/smooth_obstacles/terrain_smooth_obstacles_161_medium.json,maps/smooth_obstacles/terrain_smooth_obstacles_161_hard.json
train,terrain_smooth_obstacles_163,smooth_obstacles,163,terrain_smooth_obstacles_163_easy,terrain_smooth_obstacles_163_medium,terrain_smooth_obstacles_163_hard,maps/smooth_obstacles/terrain_smooth_obstacles_163_easy.json,maps/smooth_obstacles/terrain_smooth_obstacles_163_medium.json,maps/smooth_obstacles/terrain_smooth_obstacles_163_hard.json
train,terrain_smooth_obstacles_164,smooth_obstacles,164,terrain_smooth_obstacles_164_easy,terrain_smooth_obstacles_164_medium,terrain_smooth_obstacles_164_hard,maps/smooth_obstacles/terrain_smooth_obstacles_164_easy.json,maps/smooth_obstacles/terrain_smooth_obstacles_164_medium.json,maps/smooth_obstacles/terrain_smooth_obstacles_164_hard.json
train,terrain_smooth_obstacles_165,smooth_obstacles,165,terrain_smooth_obstacles_165_easy,terrain_smooth_obstacles_165_medium,terrain_smooth_obstacles_165_hard,maps/smooth_obstacles/terrain_smooth_obstacles_165_easy.json,maps/smooth_obstacles/terrain_smooth_obstacles_165_medium.json,maps/smooth_obstacles/terrain_smooth_obstacles_165_hard.json
train,terrain_smooth_obstacles_166,smooth_obstacles,166,terrain_smooth_obstacles_166_easy,terrain_smooth_obstacles_166_medium,terrain_smooth_obstacles_166_hard,maps/smooth_obstacles/terrain_smooth_obstacles_166_easy.json,maps/smooth_obstacles/terrain_smooth_obstacles_166_medium.json,maps/smooth_obstacles/terrain_smooth_obstacles_166_hard.json
train,terrain_smooth_obstacles_167,smooth_obstacles,167,terrain_smooth_obstacles_167_easy,terrain_smooth_obstacles_167_medium,terrain_smooth_obstacles_167_hard,maps/smooth_obstacles/terrain_smooth_obstacles_167_easy.json,maps/smooth_obstacles/terrain_smooth_obstacles_167_medium.json,maps/smooth_obstacles/terrain_smooth_obstacles_167_hard.json
train,terrain_smooth_obstacles_168,smooth_obstacles,168,terrain_smooth_obstacles_168_easy,terrain_smooth_obstacles_168_medium,terrain_smooth_obstacles_168_hard,maps/smooth_obstacles/terrain_smooth_obstacles_168_easy.json,maps/smooth_obstacles/terrain_smooth_obstacles_168_medium.json,maps/smooth_obstacles/terrain_smooth_obstacles_168_hard.json
train,terrain_smooth_obstacles_169,smooth_obstacles,169,terrain_smooth_obstacles_169_easy,terrain_smooth_obstacles_169_medium,terrain_smooth_obstacles_169_hard,maps/smooth_obstacles/terrain_smooth_obstacles_169_easy.json,maps/smooth_obstacles/terrain_smooth_obstacles_169_medium.json,maps/smooth_obstacles/terrain_smooth_obstacles_169_hard.json
train,terrain_smooth_obstacles_170,smooth_obstacles,170,terrain_smooth_obstacles_170_easy,terrain_smooth_obstacles_170_medium,terrain_smooth_obstacles_170_hard,maps/smooth_obstacles/terrain_smooth_obstacles_170_easy.json,maps/smooth_obstacles/terrain_smooth_obstacles_170_medium.json,maps/smooth_obstacles/terrain_smooth_obstacles_170_hard.json
train,terrain_smooth_obstacles_171,smooth_obstacles,171,terrain_smooth_obstacles_171_easy,terrain_smooth_obstacles_171_medium,terrain_smooth_obstacles_171_hard,maps/smooth_obstacles/terrain_smooth_obstacles_171_easy.json,maps/smooth_obstacles/terrain_smooth_obstacles_171_medium.json,maps/smooth_obstacles/terrain_smooth_obstacles_171_hard.json
train,terrain_smooth_obstacles_172,smooth_obstacles,172,terrain_smooth_obstacles_172_easy,terrain_smooth_obstacles_172_medium,terrain_smooth_obstacles_172_hard,maps/smooth_obstacles/terrain_smooth_obstacles_172_easy.json,maps/smooth_obstacles/terrain_smooth_obstacles_172_medium.json,maps/smooth_obstacles/terrain_smooth_obstacles_172_hard.json
train,terrain_smooth_obstacles_177,smooth_obstacles,177,terrain_smooth_obstacles_177_easy,terrain_smooth_obstacles_177_medium,terrain_smooth_obstacles_177_hard,maps/smooth_obstacles/terrain_smooth_obstacles_177_easy.json,maps/smooth_obstacles/terrain_smooth_obstacles_177_medium.json,maps/smooth_obstacles/terrain_smooth_obstacles_177_hard.json
train,terrain_smooth_obstacles_178,smooth_obstacles,178,terrain_smooth_obstacles_178_easy,terrain_smooth_obstacles_178_medium,terrain_smooth_obstacles_178_hard,maps/smooth_obstacles/terrain_smooth_obstacles_178_easy.json,maps/smooth_obstacles/terrain_smooth_obstacles_178_medium.json,maps/smooth_obstacles/terrain_smooth_obstacles_178_hard.json
train,terrain_smooth_obstacles_181,smooth_obstacles,181,terrain_smooth_obstacles_181_easy,terrain_smooth_obstacles_181_medium,terrain_smooth_obstacles_181_hard,maps/smooth_obstacles/terrain_smooth_obstacles_181_easy.json,maps/smooth_obstacles/terrain_smooth_obstacles_181_medium.json,maps/smooth_obstacles/terrain_smooth_obstacles_181_hard.json
train,terrain_smooth_obstacles_183,smooth_obstacles,183,terrain_smooth_obstacles_183_easy,terrain_smooth_obstacles_183_medium,terrain_smooth_obstacles_183_hard,maps/smooth_obstacles/terrain_smooth_obstacles_183_easy.json,maps/smooth_obstacles/terrain_smooth_obstacles_183_medium.json,maps/smooth_obstacles/terrain_smooth_obstacles_183_hard.json
train,terrain_smooth_obstacles_184,smooth_obstacles,184,terrain_smooth_obstacles_184_easy,terrain_smooth_obstacles_184_medium,terrain_smooth_obstacles_184_hard,maps/smooth_obstacles/terrain_smooth_obstacles_184_easy.json,maps/smooth_obstacles/terrain_smooth_obstacles_184_medium.json,maps/smooth_obstacles/terrain_smooth_obstacles_184_hard.json
train,terrain_smooth_obstacles_185,smooth_obstacles,185,terrain_smooth_obstacles_185_easy,terrain_smooth_obstacles_185_medium,terrain_smooth_obstacles_185_hard,maps/smooth_obstacles/terrain_smooth_obstacles_185_easy.json,maps/smooth_obstacles/terrain_smooth_obstacles_185_medium.json,maps/smooth_obstacles/terrain_smooth_obstacles_185_hard.json
train,terrain_smooth_obstacles_187,smooth_obstacles,187,terrain_smooth_obstacles_187_easy,terrain_smooth_obstacles_187_medium,terrain_smooth_obstacles_187_hard,maps/smooth_obstacles/terrain_smooth_obstacles_187_easy.json,maps/smooth_obstacles/terrain_smooth_obstacles_187_medium.json,maps/smooth_obstacles/terrain_smooth_obstacles_187_hard.json
train,terrain_smooth_obstacles_188,smooth_obstacles,188,terrain_smooth_obstacles_188_easy,terrain_smooth_obstacles_188_medium,terrain_smooth_obstacles_188_hard,maps/smooth_obstacles/terrain_smooth_obstacles_188_easy.json,maps/smooth_obstacles/terrain_smooth_obstacles_188_medium.json,maps/smooth_obstacles/terrain_smooth_obstacles_188_hard.json
train,terrain_smooth_obstacles_190,smooth_obstacles,190,terrain_smooth_obstacles_190_easy,terrain_smooth_obstacles_190_medium,terrain_smooth_obstacles_190_hard,maps/smooth_obstacles/terrain_smooth_obstacles_190_easy.json,maps/smooth_obstacles/terrain_smooth_obstacles_190_medium.json,maps/smooth_obstacles/terrain_smooth_obstacles_190_hard.json
train,terrain_smooth_obstacles_191,smooth_obstacles,191,terrain_smooth_obstacles_191_easy,terrain_smooth_obstacles_191_medium,terrain_smooth_obstacles_191_hard,maps/smooth_obstacles/terrain_smooth_obstacles_191_easy.json,maps/smooth_obstacles/terrain_smooth_obstacles_191_medium.json,maps/smooth_obstacles/terrain_smooth_obstacles_191_hard.json
train,terrain_smooth_obstacles_192,smooth_obstacles,192,terrain_smooth_obstacles_192_easy,terrain_smooth_obstacles_192_medium,terrain_smooth_obstacles_192_hard,maps/smooth_obstacles/terrain_smooth_obstacles_192_easy.json,maps/smooth_obstacles/terrain_smooth_obstacles_192_medium.json,maps/smooth_obstacles/terrain_smooth_obstacles_192_hard.json
train,terrain_smooth_obstacles_195,smooth_obstacles,195,terrain_smooth_obstacles_195_easy,terrain_smooth_obstacles_195_medium,terrain_smooth_obstacles_195_hard,maps/smooth_obstacles/terrain_smooth_obstacles_195_easy.json,maps/smooth_obstacles/terrain_smooth_obstacles_195_medium.json,maps/smooth_obstacles/terrain_smooth_obstacles_195_hard.json
train,terrain_smooth_obstacles_196,smooth_obstacles,196,terrain_smooth_obstacles_196_easy,terrain_smooth_obstacles_196_medium,terrain_smooth_obstacles_196_hard,maps/smooth_obstacles/terrain_smooth_obstacles_196_easy.json,maps/smooth_obstacles/terrain_smooth_obstacles_196_medium.json,maps/smooth_obstacles/terrain_smooth_obstacles_196_hard.json
train,terrain_smooth_obstacles_197,smooth_obstacles,197,terrain_smooth_obstacles_197_easy,terrain_smooth_obstacles_197_medium,terrain_smooth_obstacles_197_hard,maps/smooth_obstacles/terrain_smooth_obstacles_197_easy.json,maps/smooth_obstacles/terrain_smooth_obstacles_197_medium.json,maps/smooth_obstacles/terrain_smooth_obstacles_197_hard.json
train,terrain_smooth_obstacles_199,smooth_obstacles,199,terrain_smooth_obstacles_199_easy,terrain_smooth_obstacles_199_medium,terrain_smooth_obstacles_199_hard,maps/smooth_obstacles/terrain_smooth_obstacles_199_easy.json,maps/smooth_obstacles/terrain_smooth_obstacles_199_medium.json,maps/smooth_obstacles/terrain_smooth_obstacles_199_hard.json
train,terrain_smooth_obstacles_200,smooth_obstacles,200,terrain_smooth_obstacles_200_easy,terrain_smooth_obstacles_200_medium,terrain_smooth_obstacles_200_hard,maps/smooth_obstacles/terrain_smooth_obstacles_200_easy.json,maps/smooth_obstacles/terrain_smooth_obstacles_200_medium.json,maps/smooth_obstacles/terrain_smooth_obstacles_200_hard.json
train,terrain_smooth_obstacles_201,smooth_obstacles,201,terrain_smooth_obstacles_201_easy,terrain_smooth_obstacles_201_medium,terrain_smooth_obstacles_201_hard,maps/smooth_obstacles/terrain_smooth_obstacles_201_easy.json,maps/smooth_obstacles/terrain_smooth_obstacles_201_medium.json,maps/smooth_obstacles/terrain_smooth_obstacles_201_hard.json
train,terrain_smooth_obstacles_203,smooth_obstacles,203,terrain_smooth_obstacles_203_easy,terrain_smooth_obstacles_203_medium,terrain_smooth_obstacles_203_hard,maps/smooth_obstacles/terrain_smooth_obstacles_203_easy.json,maps/smooth_obstacles/terrain_smooth_obstacles_203_medium.json,maps/smooth_obstacles/terrain_smooth_obstacles_203_hard.json
train,terrain_smooth_obstacles_204,smooth_obstacles,204,terrain_smooth_obstacles_204_easy,terrain_smooth_obstacles_204_medium,terrain_smooth_obstacles_204_hard,maps/smooth_obstacles/terrain_smooth_obstacles_204_easy.json,maps/smooth_obstacles/terrain_smooth_obstacles_204_medium.json,maps/smooth_obstacles/terrain_smooth_obstacles_204_hard.json
train,terrain_smooth_obstacles_207,smooth_obstacles,207,terrain_smooth_obstacles_207_easy,terrain_smooth_obstacles_207_medium,terrain_smooth_obstacles_207_hard,maps/smooth_obstacles/terrain_smooth_obstacles_207_easy.json,maps/smooth_obstacles/terrain_smooth_obstacles_207_medium.json,maps/smooth_obstacles/terrain_smooth_obstacles_207_hard.json
train,terrain_smooth_obstacles_209,smooth_obstacles,209,terrain_smooth_obstacles_209_easy,terrain_smooth_obstacles_209_medium,terrain_smooth_obstacles_209_hard,maps/smooth_obstacles/terrain_smooth_obstacles_209_easy.json,maps/smooth_obstacles/terrain_smooth_obstacles_209_medium.json,maps/smooth_obstacles/terrain_smooth_obstacles_209_hard.json
train,terrain_smooth_obstacles_210,smooth_obstacles,210,terrain_smooth_obstacles_210_easy,terrain_smooth_obstacles_210_medium,terrain_smooth_obstacles_210_hard,maps/smooth_obstacles/terrain_smooth_obstacles_210_easy.json,maps/smooth_obstacles/terrain_smooth_obstacles_210_medium.json,maps/smooth_obstacles/terrain_smooth_obstacles_210_hard.json
train,terrain_smooth_obstacles_215,smooth_obstacles,215,terrain_smooth_obstacles_215_easy,terrain_smooth_obstacles_215_medium,terrain_smooth_obstacles_215_hard,maps/smooth_obstacles/terrain_smooth_obstacles_215_easy.json,maps/smooth_obstacles/terrain_smooth_obstacles_215_medium.json,maps/smooth_obstacles/terrain_smooth_obstacles_215_hard.json
train,terrain_smooth_obstacles_217,smooth_obstacles,217,terrain_smooth_obstacles_217_easy,terrain_smooth_obstacles_217_medium,terrain_smooth_obstacles_217_hard,maps/smooth_obstacles/terrain_smooth_obstacles_217_easy.json,maps/smooth_obstacles/terrain_smooth_obstacles_217_medium.json,maps/smooth_obstacles/terrain_smooth_obstacles_217_hard.json
train,terrain_smooth_obstacles_220,smooth_obstacles,220,terrain_smooth_obstacles_220_easy,terrain_smooth_obstacles_220_medium,terrain_smooth_obstacles_220_hard,maps/smooth_obstacles/terrain_smooth_obstacles_220_easy.json,maps/smooth_obstacles/terrain_smooth_obstacles_220_medium.json,maps/smooth_obstacles/terrain_smooth_obstacles_220_hard.json
train,terrain_smooth_obstacles_222,smooth_obstacles,222,terrain_smooth_obstacles_222_easy,terrain_smooth_obstacles_222_medium,terrain_smooth_obstacles_222_hard,maps/smooth_obstacles/terrain_smooth_obstacles_222_easy.json,maps/smooth_obstacles/terrain_smooth_obstacles_222_medium.json,maps/smooth_obstacles/terrain_smooth_obstacles_222_hard.json
train,terrain_smooth_obstacles_223,smooth_obstacles,223,terrain_smooth_obstacles_223_easy,terrain_smooth_obstacles_223_medium,terrain_smooth_obstacles_223_hard,maps/smooth_obstacles/terrain_smooth_obstacles_223_easy.json,maps/smooth_obstacles/terrain_smooth_obstacles_223_medium.json,maps/smooth_obstacles/terrain_smooth_obstacles_223_hard.json
train,terrain_smooth_obstacles_224,smooth_obstacles,224,terrain_smooth_obstacles_224_easy,terrain_smooth_obstacles_224_medium,terrain_smooth_obstacles_224_hard,maps/smooth_obstacles/terrain_smooth_obstacles_224_easy.json,maps/smooth_obstacles/terrain_smooth_obstacles_224_medium.json,maps/smooth_obstacles/terrain_smooth_obstacles_224_hard.json
train,terrain_smooth_obstacles_226,smooth_obstacles,226,terrain_smooth_obstacles_226_easy,terrain_smooth_obstacles_226_medium,terrain_smooth_obstacles_226_hard,maps/smooth_obstacles/terrain_smooth_obstacles_226_easy.json,maps/smooth_obstacles/terrain_smooth_obstacles_226_medium.json,maps/smooth_obstacles/terrain_smooth_obstacles_226_hard.json
train,terrain_smooth_obstacles_227,smooth_obstacles,227,terrain_smooth_obstacles_227_easy,terrain_smooth_obstacles_227_medium,terrain_smooth_obstacles_227_hard,maps/smooth_obstacles/terrain_smooth_obstacles_227_easy.json,maps/smooth_obstacles/terrain_smooth_obstacles_227_medium.json,maps/smooth_obstacles/terrain_smooth_obstacles_227_hard.json
train,terrain_smooth_obstacles_228,smooth_obstacles,228,terrain_smooth_obstacles_228_easy,terrain_smooth_obstacles_228_medium,terrain_smooth_obstacles_228_hard,maps/smooth_obstacles/terrain_smooth_obstacles_228_easy.json,maps/smooth_obstacles/terrain_smooth_obstacles_228_medium.json,maps/smooth_obstacles/terrain_smooth_obstacles_228_hard.json
train,terrain_smooth_obstacles_229,smooth_obstacles,229,terrain_smooth_obstacles_229_easy,terrain_smooth_obstacles_229_medium,terrain_smooth_obstacles_229_hard,maps/smooth_obstacles/terrain_smooth_obstacles_229_easy.json,maps/smooth_obstacles/terrain_smooth_obstacles_229_medium.json,maps/smooth_obstacles/terrain_smooth_obstacles_229_hard.json
train,terrain_smooth_obstacles_232,smooth_obstacles,232,terrain_smooth_obstacles_232_easy,terrain_smooth_obstacles_232_medium,terrain_smooth_obstacles_232_hard,maps/smooth_obstacles/terrain_smooth_obstacles_232_easy.json,maps/smooth_obstacles/terrain_smooth_obstacles_232_medium.json,maps/smooth_obstacles/terrain_smooth_obstacles_232_hard.json
train,terrain_smooth_obstacles_233,smooth_obstacles,233,terrain_smooth_obstacles_233_easy,terrain_smooth_obstacles_233_medium,terrain_smooth_obstacles_233_hard,maps/smooth_obstacles/terrain_smooth_obstacles_233_easy.json,maps/smooth_obstacles/terrain_smooth_obstacles_233_medium.json,maps/smooth_obstacles/terrain_smooth_obstacles_233_hard.json
train,terrain_smooth_obstacles_234,smooth_obstacles,234,terrain_smooth_obstacles_234_easy,terrain_smooth_obstacles_234_medium,terrain_smooth_obstacles_234_hard,maps/smooth_obstacles/terrain_smooth_obstacles_234_easy.json,maps/smooth_obstacles/terrain_smooth_obstacles_234_medium.json,maps/smooth_obstacles/terrain_smooth_obstacles_234_hard.json
train,terrain_smooth_obstacles_235,smooth_obstacles,235,terrain_smooth_obstacles_235_easy,terrain_smooth_obstacles_235_medium,terrain_smooth_obstacles_235_hard,maps/smooth_obstacles/terrain_smooth_obstacles_235_easy.json,maps/smooth_obstacles/terrain_smooth_obstacles_235_medium.json,maps/smooth_obstacles/terrain_smooth_obstacles_235_hard.json
train,terrain_smooth_obstacles_236,smooth_obstacles,236,terrain_smooth_obstacles_236_easy,terrain_smooth_obstacles_236_medium,terrain_smooth_obstacles_236_hard,maps/smooth_obstacles/terrain_smooth_obstacles_236_easy.json,maps/smooth_obstacles/terrain_smooth_obstacles_236_medium.json,maps/smooth_obstacles/terrain_smooth_obstacles_236_hard.json
train,terrain_smooth_obstacles_237,smooth_obstacles,237,terrain_smooth_obstacles_237_easy,terrain_smooth_obstacles_237_medium,terrain_smooth_obstacles_237_hard,maps/smooth_obstacles/terrain_smooth_obstacles_237_easy.json,maps/smooth_obstacles/terrain_smooth_obstacles_237_medium.json,maps/smooth_obstacles/terrain_smooth_obstacles_237_hard.json
train,terrain_smooth_obstacles_238,smooth_obstacles,238,terrain_smooth_obstacles_238_easy,terrain_smooth_obstacles_238_medium,terrain_smooth_obstacles_238_hard,maps/smooth_obstacles/terrain_smooth_obstacles_238_easy.json,maps/smooth_obstacles/terrain_smooth_obstacles_238_medium.json,maps/smooth_obstacles/terrain_smooth_obstacles_238_hard.json
train,terrain_smooth_obstacles_240,smooth_obstacles,240,terrain_smooth_obstacles_240_easy,terrain_smooth_obstacles_240_medium,terrain_smooth_obstacles_240_hard,maps/smooth_obstacles/terrain_smooth_obstacles_240_easy.json,maps/smooth_obstacles/terrain_smooth_obstacles_240_medium.json,maps/smooth_obstacles/terrain_smooth_obstacles_240_hard.json
train,terrain_smooth_obstacles_241,smooth_obstacles,241,terrain_smooth_obstacles_241_easy,terrain_smooth_obstacles_241_medium,terrain_smooth_obstacles_241_hard,maps/smooth_obstacles/terrain_smooth_obstacles_241_easy.json,maps/smooth_obstacles/terrain_smooth_obstacles_241_medium.json,maps/smooth_obstacles/terrain_smooth_obstacles_241_hard.json
train,terrain_smooth_obstacles_242,smooth_obstacles,242,terrain_smooth_obstacles_242_easy,terrain_smooth_obstacles_242_medium,terrain_smooth_obstacles_242_hard,maps/smooth_obstacles/terrain_smooth_obstacles_242_easy.json,maps/smooth_obstacles/terrain_smooth_obstacles_242_medium.json,maps/smooth_obstacles/terrain_smooth_obstacles_242_hard.json
train,terrain_smooth_obstacles_243,smooth_obstacles,243,terrain_smooth_obstacles_243_easy,terrain_smooth_obstacles_243_medium,terrain_smooth_obstacles_243_hard,maps/smooth_obstacles/terrain_smooth_obstacles_243_easy.json,maps/smooth_obstacles/terrain_smooth_obstacles_243_medium.json,maps/smooth_obstacles/terrain_smooth_obstacles_243_hard.json
train,terrain_smooth_obstacles_245,smooth_obstacles,245,terrain_smooth_obstacles_245_easy,terrain_smooth_obstacles_245_medium,terrain_smooth_obstacles_245_hard,maps/smooth_obstacles/terrain_smooth_obstacles_245_easy.json,maps/smooth_obstacles/terrain_smooth_obstacles_245_medium.json,maps/smooth_obstacles/terrain_smooth_obstacles_245_hard.json
train,terrain_smooth_obstacles_247,smooth_obstacles,247,terrain_smooth_obstacles_247_easy,terrain_smooth_obstacles_247_medium,terrain_smooth_obstacles_247_hard,maps/smooth_obstacles/terrain_smooth_obstacles_247_easy.json,maps/smooth_obstacles/terrain_smooth_obstacles_247_medium.json,maps/smooth_obstacles/terrain_smooth_obstacles_247_hard.json
train,terrain_smooth_obstacles_249,smooth_obstacles,249,terrain_smooth_obstacles_249_easy,terrain_smooth_obstacles_249_medium,terrain_smooth_obstacles_249_hard,maps/smooth_obstacles/terrain_smooth_obstacles_249_easy.json,maps/smooth_obstacles/terrain_smooth_obstacles_249_medium.json,maps/smooth_obstacles/terrain_smooth_obstacles_249_hard.json
train,terrain_smooth_obstacles_250,smooth_obstacles,250,terrain_smooth_obstacles_250_easy,terrain_smooth_obstacles_250_medium,terrain_smooth_obstacles_250_hard,maps/smooth_obstacles/terrain_smooth_obstacles_250_easy.json,maps/smooth_obstacles/terrain_smooth_obstacles_250_medium.json,maps/smooth_obstacles/terrain_smooth_obstacles_250_hard.json
train,terrain_smooth_obstacles_252,smooth_obstacles,252,terrain_smooth_obstacles_252_easy,terrain_smooth_obstacles_252_medium,terrain_smooth_obstacles_252_hard,maps/smooth_obstacles/terrain_smooth_obstacles_252_easy.json,maps/smooth_obstacles/terrain_smooth_obstacles_252_medium.json,maps/smooth_obstacles/terrain_smooth_obstacles_252_hard.json
train,terrain_smooth_obstacles_253,smooth_obstacles,253,terrain_smooth_obstacles_253_easy,terrain_smooth_obstacles_253_medium,terrain_smooth_obstacles_253_hard,maps/smooth_obstacles/terrain_smooth_obstacles_253_easy.json,maps/smooth_obstacles/terrain_smooth_obstacles_253_medium.json,maps/smooth_obstacles/terrain_smooth_obstacles_253_hard.json
train,terrain_smooth_obstacles_254,smooth_obstacles,254,terrain_smooth_obstacles_254_easy,terrain_smooth_obstacles_254_medium,terrain_smooth_obstacles_254_hard,maps/smooth_obstacles/terrain_smooth_obstacles_254_easy.json,maps/smooth_obstacles/terrain_smooth_obstacles_254_medium.json,maps/smooth_obstacles/terrain_smooth_obstacles_254_hard.json
train,terrain_smooth_obstacles_255,smooth_obstacles,255,terrain_smooth_obstacles_255_easy,terrain_smooth_obstacles_255_medium,terrain_smooth_obstacles_255_hard,maps/smooth_obstacles/terrain_smooth_obstacles_255_easy.json,maps/smooth_obstacles/terrain_smooth_obstacles_255_medium.json,maps/smooth_obstacles/terrain_smooth_obstacles_255_hard.json
train,terrain_smooth_obstacles_256,smooth_obstacles,256,terrain_smooth_obstacles_256_easy,terrain_smooth_obstacles_256_medium,terrain_smooth_obstacles_256_hard,maps/smooth_obstacles/terrain_smooth_obstacles_256_easy.json,maps/smooth_obstacles/terrain_smooth_obstacles_256_medium.json,maps/smooth_obstacles/terrain_smooth_obstacles_256_hard.json
train,terrain_smooth_obstacles_259,smooth_obstacles,259,terrain_smooth_obstacles_259_easy,terrain_smooth_obstacles_259_medium,terrain_smooth_obstacles_259_hard,maps/smooth_obstacles/terrain_smooth_obstacles_259_easy.json,maps/smooth_obstacles/terrain_smooth_obstacles_259_medium.json,maps/smooth_obstacles/terrain_smooth_obstacles_259_hard.json
train,terrain_smooth_obstacles_260,smooth_obstacles,260,terrain_smooth_obstacles_260_easy,terrain_smooth_obstacles_260_medium,terrain_smooth_obstacles_260_hard,maps/smooth_obstacles/terrain_smooth_obstacles_260_easy.json,maps/smooth_obstacles/terrain_smooth_obstacles_260_medium.json,maps/smooth_obstacles/terrain_smooth_obstacles_260_hard.json
train,terrain_smooth_obstacles_261,smooth_obstacles,261,terrain_smooth_obstacles_261_easy,terrain_smooth_obstacles_261_medium,terrain_smooth_obstacles_261_hard,maps/smooth_obstacles/terrain_smooth_obstacles_261_easy.json,maps/smooth_obstacles/terrain_smooth_obstacles_261_medium.json,maps/smooth_obstacles/terrain_smooth_obstacles_261_hard.json
train,terrain_smooth_obstacles_262,smooth_obstacles,262,terrain_smooth_obstacles_262_easy,terrain_smooth_obstacles_262_medium,terrain_smooth_obstacles_262_hard,maps/smooth_obstacles/terrain_smooth_obstacles_262_easy.json,maps/smooth_obstacles/terrain_smooth_obstacles_262_medium.json,maps/smooth_obstacles/terrain_smooth_obstacles_262_hard.json
train,terrain_smooth_obstacles_263,smooth_obstacles,263,terrain_smooth_obstacles_263_easy,terrain_smooth_obstacles_263_medium,terrain_smooth_obstacles_263_hard,maps/smooth_obstacles/terrain_smooth_obstacles_263_easy.json,maps/smooth_obstacles/terrain_smooth_obstacles_263_medium.json,maps/smooth_obstacles/terrain_smooth_obstacles_263_hard.json
train,terrain_smooth_obstacles_264,smooth_obstacles,264,terrain_smooth_obstacles_264_easy,terrain_smooth_obstacles_264_medium,terrain_smooth_obstacles_264_hard,maps/smooth_obstacles/terrain_smooth_obstacles_264_easy.json,maps/smooth_obstacles/terrain_smooth_obstacles_264_medium.json,maps/smooth_obstacles/terrain_smooth_obstacles_264_hard.json
train,terrain_smooth_obstacles_265,smooth_obstacles,265,terrain_smooth_obstacles_265_easy,terrain_smooth_obstacles_265_medium,terrain_smooth_obstacles_265_hard,maps/smooth_obstacles/terrain_smooth_obstacles_265_easy.json,maps/smooth_obstacles/terrain_smooth_obstacles_265_medium.json,maps/smooth_obstacles/terrain_smooth_obstacles_265_hard.json
train,terrain_smooth_obstacles_266,smooth_obstacles,266,terrain_smooth_obstacles_266_easy,terrain_smooth_obstacles_266_medium,terrain_smooth_obstacles_266_hard,maps/smooth_obstacles/terrain_smooth_obstacles_266_easy.json,maps/smooth_obstacles/terrain_smooth_obstacles_266_medium.json,maps/smooth_obstacles/terrain_smooth_obstacles_266_hard.json
train,terrain_smooth_obstacles_267,smooth_obstacles,267,terrain_smooth_obstacles_267_easy,terrain_smooth_obstacles_267_medium,terrain_smooth_obstacles_267_hard,maps/smooth_obstacles/terrain_smooth_obstacles_267_easy.json,maps/smooth_obstacles/terrain_smooth_obstacles_267_medium.json,maps/smooth_obstacles/terrain_smooth_obstacles_267_hard.json
train,terrain_smooth_obstacles_269,smooth_obstacles,269,terrain_smooth_obstacles_269_easy,terrain_smooth_obstacles_269_medium,terrain_smooth_obstacles_269_hard,maps/smooth_obstacles/terrain_smooth_obstacles_269_easy.json,maps/smooth_obstacles/terrain_smooth_obstacles_269_medium.json,maps/smooth_obstacles/terrain_smooth_obstacles_269_hard.json
train,terrain_smooth_obstacles_270,smooth_obstacles,270,terrain_smooth_obstacles_270_easy,terrain_smooth_obstacles_270_medium,terrain_smooth_obstacles_270_hard,maps/smooth_obstacles/terrain_smooth_obstacles_270_easy.json,maps/smooth_obstacles/terrain_smooth_obstacles_270_medium.json,maps/smooth_obstacles/terrain_smooth_obstacles_270_hard.json
train,terrain_smooth_obstacles_271,smooth_obstacles,271,terrain_smooth_obstacles_271_easy,terrain_smooth_obstacles_271_medium,terrain_smooth_obstacles_271_hard,maps/smooth_obstacles/terrain_smooth_obstacles_271_easy.json,maps/smooth_obstacles/terrain_smooth_obstacles_271_medium.json,maps/smooth_obstacles/terrain_smooth_obstacles_271_hard.json
train,terrain_smooth_obstacles_272,smooth_obstacles,272,terrain_smooth_obstacles_272_easy,terrain_smooth_obstacles_272_medium,terrain_smooth_obstacles_272_hard,maps/smooth_obstacles/terrain_smooth_obstacles_272_easy.json,maps/smooth_obstacles/terrain_smooth_obstacles_272_medium.json,maps/smooth_obstacles/terrain_smooth_obstacles_272_hard.json
train,terrain_smooth_obstacles_273,smooth_obstacles,273,terrain_smooth_obstacles_273_easy,terrain_smooth_obstacles_273_medium,terrain_smooth_obstacles_273_hard,maps/smooth_obstacles/terrain_smooth_obstacles_273_easy.json,maps/smooth_obstacles/terrain_smooth_obstacles_273_medium.json,maps/smooth_obstacles/terrain_smooth_obstacles_273_hard.json
train,terrain_smooth_obstacles_274,smooth_obstacles,274,terrain_smooth_obstacles_274_easy,terrain_smooth_obstacles_274_medium,terrain_smooth_obstacles_274_hard,maps/smooth_obstacles/terrain_smooth_obstacles_274_easy.json,maps/smooth_obstacles/terrain_smooth_obstacles_274_medium.json,maps/smooth_obstacles/terrain_smooth_obstacles_274_hard.json
train,terrain_smooth_obstacles_275,smooth_obstacles,275,terrain_smooth_obstacles_275_easy,terrain_smooth_obstacles_275_medium,terrain_smooth_obstacles_275_hard,maps/smooth_obstacles/terrain_smooth_obstacles_275_easy.json,maps/smooth_obstacles/terrain_smooth_obstacles_275_medium.json,maps/smooth_obstacles/terrain_smooth_obstacles_275_hard.json
train,terrain_smooth_obstacles_276,smooth_obstacles,276,terrain_smooth_obstacles_276_easy,terrain_smooth_obstacles_276_medium,terrain_smooth_obstacles_276_hard,maps/smooth_obstacles/terrain_smooth_obstacles_276_easy.json,maps/smooth_obstacles/terrain_smooth_obstacles_276_medium.json,maps/smooth_obstacles/terrain_smooth_obstacles_276_hard.json
train,terrain_smooth_obstacles_278,smooth_obstacles,278,terrain_smooth_obstacles_278_easy,terrain_smooth_obstacles_278_medium,terrain_smooth_obstacles_278_hard,maps/smooth_obstacles/terrain_smooth_obstacles_278_easy.json,maps/smooth_obstacles/terrain_smooth_obstacles_278_medium.json,maps/smooth_obstacles/terrain_smooth_obstacles_278_hard.json
train,terrain_smooth_obstacles_279,smooth_obstacles,279,terrain_smooth_obstacles_279_easy,terrain_smooth_obstacles_279_medium,terrain_smooth_obstacles_279_hard,maps/smooth_obstacles/terrain_smooth_obstacles_279_easy.json,maps/smooth_obstacles/terrain_smooth_obstacles_279_medium.json,maps/smooth_obstacles/terrain_smooth_obstacles_279_hard.json
train,terrain_smooth_obstacles_281,smooth_obstacles,281,terrain_smooth_obstacles_281_easy,terrain_smooth_obstacles_281_medium,terrain_smooth_obstacles_281_hard,maps/smooth_obstacles/terrain_smooth_obstacles_281_easy.json,maps/smooth_obstacles/terrain_smooth_obstacles_281_medium.json,maps/smooth_obstacles/terrain_smooth_obstacles_281_hard.json
train,terrain_smooth_obstacles_283,smooth_obstacles,283,terrain_smooth_obstacles_283_easy,terrain_smooth_obstacles_283_medium,terrain_smooth_obstacles_283_hard,maps/smooth_obstacles/terrain_smooth_obstacles_283_easy.json,maps/smooth_obstacles/terrain_smooth_obstacles_283_medium.json,maps/smooth_obstacles/terrain_smooth_obstacles_283_hard.json
train,terrain_smooth_obstacles_284,smooth_obstacles,284,terrain_smooth_obstacles_284_easy,terrain_smooth_obstacles_284_medium,terrain_smooth_obstacles_284_hard,maps/smooth_obstacles/terrain_smooth_obstacles_284_easy.json,maps/smooth_obstacles/terrain_smooth_obstacles_284_medium.json,maps/smooth_obstacles/terrain_smooth_obstacles_284_hard.json
train,terrain_smooth_obstacles_286,smooth_obstacles,286,terrain_smooth_obstacles_286_easy,terrain_smooth_obstacles_286_medium,terrain_smooth_obstacles_286_hard,maps/smooth_obstacles/terrain_smooth_obstacles_286_easy.json,maps/smooth_obstacles/terrain_smooth_obstacles_286_medium.json,maps/smooth_obstacles/terrain_smooth_obstacles_286_hard.json
train,terrain_smooth_obstacles_288,smooth_obstacles,288,terrain_smooth_obstacles_288_easy,terrain_smooth_obstacles_288_medium,terrain_smooth_obstacles_288_hard,maps/smooth_obstacles/terrain_smooth_obstacles_288_easy.json,maps/smooth_obstacles/terrain_smooth_obstacles_288_medium.json,maps/smooth_obstacles/terrain_smooth_obstacles_288_hard.json
train,terrain_smooth_obstacles_289,smooth_obstacles,289,terrain_smooth_obstacles_289_easy,terrain_smooth_obstacles_289_medium,terrain_smooth_obstacles_289_hard,maps/smooth_obstacles/terrain_smooth_obstacles_289_easy.json,maps/smooth_obstacles/terrain_smooth_obstacles_289_medium.json,maps/smooth_obstacles/terrain_smooth_obstacles_289_hard.json
train,terrain_smooth_obstacles_291,smooth_obstacles,291,terrain_smooth_obstacles_291_easy,terrain_smooth_obstacles_291_medium,terrain_smooth_obstacles_291_hard,maps/smooth_obstacles/terrain_smooth_obstacles_291_easy.json,maps/smooth_obstacles/terrain_smooth_obstacles_291_medium.json,maps/smooth_obstacles/terrain_smooth_obstacles_291_hard.json
train,terrain_smooth_obstacles_292,smooth_obstacles,292,terrain_smooth_obstacles_292_easy,terrain_smooth_obstacles_292_medium,terrain_smooth_obstacles_292_hard,maps/smooth_obstacles/terrain_smooth_obstacles_292_easy.json,maps/smooth_obstacles/terrain_smooth_obstacles_292_medium.json,maps/smooth_obstacles/terrain_smooth_obstacles_292_hard.json
train,terrain_smooth_obstacles_293,smooth_obstacles,293,terrain_smooth_obstacles_293_easy,terrain_smooth_obstacles_293_medium,terrain_smooth_obstacles_293_hard,maps/smooth_obstacles/terrain_smooth_obstacles_293_easy.json,maps/smooth_obstacles/terrain_smooth_obstacles_293_medium.json,maps/smooth_obstacles/terrain_smooth_obstacles_293_hard.json
train,terrain_smooth_obstacles_295,smooth_obstacles,295,terrain_smooth_obstacles_295_easy,terrain_smooth_obstacles_295_medium,terrain_smooth_obstacles_295_hard,maps/smooth_obstacles/terrain_smooth_obstacles_295_easy.json,maps/smooth_obstacles/terrain_smooth_obstacles_295_medium.json,maps/smooth_obstacles/terrain_smooth_obstacles_295_hard.json
train,terrain_smooth_obstacles_296,smooth_obstacles,296,terrain_smooth_obstacles_296_easy,terrain_smooth_obstacles_296_medium,terrain_smooth_obstacles_296_hard,maps/smooth_obstacles/terrain_smooth_obstacles_296_easy.json,maps/smooth_obstacles/terrain_smooth_obstacles_296_medium.json,maps/smooth_obstacles/terrain_smooth_obstacles_296_hard.json
train,terrain_smooth_obstacles_297,smooth_obstacles,297,terrain_smooth_obstacles_297_easy,terrain_smooth_obstacles_297_medium,terrain_smooth_obstacles_297_hard,maps/smooth_obstacles/terrain_smooth_obstacles_297_easy.json,maps/smooth_obstacles/terrain_smooth_obstacles_297_medium.json,maps/smooth_obstacles/terrain_smooth_obstacles_297_hard.json
train,terrain_smooth_obstacles_299,smooth_obstacles,299,terrain_smooth_obstacles_299_easy,terrain_smooth_obstacles_299_medium,terrain_smooth_obstacles_299_hard,maps/smooth_obstacles/terrain_smooth_obstacles_299_easy.json,maps/smooth_obstacles/terrain_smooth_obstacles_299_medium.json,maps/smooth_obstacles/terrain_smooth_obstacles_299_hard.json
train,terrain_smooth_obstacles_300,smooth_obstacles,300,terrain_smooth_obstacles_300_easy,terrain_smooth_obstacles_300_medium,terrain_smooth_obstacles_300_hard,maps/smooth_obstacles/terrain_smooth_obstacles_300_easy.json,maps/smooth_obstacles/terrain_smooth_obstacles_300_medium.json,maps/smooth_obstacles/terrain_smooth_obstacles_300_hard.json
train,terrain_smooth_obstacles_301,smooth_obstacles,301,terrain_smooth_obstacles_301_easy,terrain_smooth_obstacles_301_medium,terrain_smooth_obstacles_301_hard,maps/smooth_obstacles/terrain_smooth_obstacles_301_easy.json,maps/smooth_obstacles/terrain_smooth_obstacles_301_medium.json,maps/smooth_obstacles/terrain_smooth_obstacles_301_hard.json
train,terrain_smooth_obstacles_302,smooth_obstacles,302,terrain_smooth_obstacles_302_easy,terrain_smooth_obstacles_302_medium,terrain_smooth_obstacles_302_hard,maps/smooth_obstacles/terrain_smooth_obstacles_302_easy.json,maps/smooth_obstacles/terrain_smooth_obstacles_302_medium.json,maps/smooth_obstacles/terrain_smooth_obstacles_302_hard.json
train,terrain_smooth_obstacles_303,smooth_obstacles,303,terrain_smooth_obstacles_303_easy,terrain_smooth_obstacles_303_medium,terrain_smooth_obstacles_303_hard,maps/smooth_obstacles/terrain_smooth_obstacles_303_easy.json,maps/smooth_obstacles/terrain_smooth_obstacles_303_medium.json,maps/smooth_obstacles/terrain_smooth_obstacles_303_hard.json
train,terrain_smooth_obstacles_304,smooth_obstacles,304,terrain_smooth_obstacles_304_easy,terrain_smooth_obstacles_304_medium,terrain_smooth_obstacles_304_hard,maps/smooth_obstacles/terrain_smooth_obstacles_304_easy.json,maps/smooth_obstacles/terrain_smooth_obstacles_304_medium.json,maps/smooth_obstacles/terrain_smooth_obstacles_304_hard.json
train,terrain_smooth_obstacles_305,smooth_obstacles,305,terrain_smooth_obstacles_305_easy,terrain_smooth_obstacles_305_medium,terrain_smooth_obstacles_305_hard,maps/smooth_obstacles/terrain_smooth_obstacles_305_easy.json,maps/smooth_obstacles/terrain_smooth_obstacles_305_medium.json,maps/smooth_obstacles/terrain_smooth_obstacles_305_hard.json
train,terrain_smooth_obstacles_310,smooth_obstacles,310,terrain_smooth_obstacles_310_easy,terrain_smooth_obstacles_310_medium,terrain_smooth_obstacles_310_hard,maps/smooth_obstacles/terrain_smooth_obstacles_310_easy.json,maps/smooth_obstacles/terrain_smooth_obstacles_310_medium.json,maps/smooth_obstacles/terrain_smooth_obstacles_310_hard.json
train,terrain_smooth_obstacles_311,smooth_obstacles,311,terrain_smooth_obstacles_311_easy,terrain_smooth_obstacles_311_medium,terrain_smooth_obstacles_311_hard,maps/smooth_obstacles/terrain_smooth_obstacles_311_easy.json,maps/smooth_obstacles/terrain_smooth_obstacles_311_medium.json,maps/smooth_obstacles/terrain_smooth_obstacles_311_hard.json
train,terrain_smooth_obstacles_312,smooth_obstacles,312,terrain_smooth_obstacles_312_easy,terrain_smooth_obstacles_312_medium,terrain_smooth_obstacles_312_hard,maps/smooth_obstacles/terrain_smooth_obstacles_312_easy.json,maps/smooth_obstacles/terrain_smooth_obstacles_312_medium.json,maps/smooth_obstacles/terrain_smooth_obstacles_312_hard.json
train,terrain_smooth_obstacles_313,smooth_obstacles,313,terrain_smooth_obstacles_313_easy,terrain_smooth_obstacles_313_medium,terrain_smooth_obstacles_313_hard,maps/smooth_obstacles/terrain_smooth_obstacles_313_easy.json,maps/smooth_obstacles/terrain_smooth_obstacles_313_medium.json,maps/smooth_obstacles/terrain_smooth_obstacles_313_hard.json
train,terrain_smooth_obstacles_314,smooth_obstacles,314,terrain_smooth_obstacles_314_easy,terrain_smooth_obstacles_314_medium,terrain_smooth_obstacles_314_hard,maps/smooth_obstacles/terrain_smooth_obstacles_314_easy.json,maps/smooth_obstacles/terrain_smooth_obstacles_314_medium.json,maps/smooth_obstacles/terrain_smooth_obstacles_314_hard.json
train,terrain_smooth_obstacles_316,smooth_obstacles,316,terrain_smooth_obstacles_316_easy,terrain_smooth_obstacles_316_medium,terrain_smooth_obstacles_316_hard,maps/smooth_obstacles/terrain_smooth_obstacles_316_easy.json,maps/smooth_obstacles/terrain_smooth_obstacles_316_medium.json,maps/smooth_obstacles/terrain_smooth_obstacles_316_hard.json
train,terrain_smooth_obstacles_318,smooth_obstacles,318,terrain_smooth_obstacles_318_easy,terrain_smooth_obstacles_318_medium,terrain_smooth_obstacles_318_hard,maps/smooth_obstacles/terrain_smooth_obstacles_318_easy.json,maps/smooth_obstacles/terrain_smooth_obstacles_318_medium.json,maps/smooth_obstacles/terrain_smooth_obstacles_318_hard.json
train,terrain_smooth_obstacles_319,smooth_obstacles,319,terrain_smooth_obstacles_319_easy,terrain_smooth_obstacles_319_medium,terrain_smooth_obstacles_319_hard,maps/smooth_obstacles/terrain_smooth_obstacles_319_easy.json,maps/smooth_obstacles/terrain_smooth_obstacles_319_medium.json,maps/smooth_obstacles/terrain_smooth_obstacles_319_hard.json
train,terrain_smooth_obstacles_320,smooth_obstacles,320,terrain_smooth_obstacles_320_easy,terrain_smooth_obstacles_320_medium,terrain_smooth_obstacles_320_hard,maps/smooth_obstacles/terrain_smooth_obstacles_320_easy.json,maps/smooth_obstacles/terrain_smooth_obstacles_320_medium.json,maps/smooth_obstacles/terrain_smooth_obstacles_320_hard.json
train,terrain_smooth_obstacles_321,smooth_obstacles,321,terrain_smooth_obstacles_321_easy,terrain_smooth_obstacles_321_medium,terrain_smooth_obstacles_321_hard,maps/smooth_obstacles/terrain_smooth_obstacles_321_easy.json,maps/smooth_obstacles/terrain_smooth_obstacles_321_medium.json,maps/smooth_obstacles/terrain_smooth_obstacles_321_hard.json
train,terrain_smooth_obstacles_322,smooth_obstacles,322,terrain_smooth_obstacles_322_easy,terrain_smooth_obstacles_322_medium,terrain_smooth_obstacles_322_hard,maps/smooth_obstacles/terrain_smooth_obstacles_322_easy.json,maps/smooth_obstacles/terrain_smooth_obstacles_322_medium.json,maps/smooth_obstacles/terrain_smooth_obstacles_322_hard.json
train,terrain_smooth_obstacles_323,smooth_obstacles,323,terrain_smooth_obstacles_323_easy,terrain_smooth_obstacles_323_medium,terrain_smooth_obstacles_323_hard,maps/smooth_obstacles/terrain_smooth_obstacles_323_easy.json,maps/smooth_obstacles/terrain_smooth_obstacles_323_medium.json,maps/smooth_obstacles/terrain_smooth_obstacles_323_hard.json
train,terrain_smooth_obstacles_324,smooth_obstacles,324,terrain_smooth_obstacles_324_easy,terrain_smooth_obstacles_324_medium,terrain_smooth_obstacles_324_hard,maps/smooth_obstacles/terrain_smooth_obstacles_324_easy.json,maps/smooth_obstacles/terrain_smooth_obstacles_324_medium.json,maps/smooth_obstacles/terrain_smooth_obstacles_324_hard.json
train,terrain_smooth_obstacles_325,smooth_obstacles,325,terrain_smooth_obstacles_325_easy,terrain_smooth_obstacles_325_medium,terrain_smooth_obstacles_325_hard,maps/smooth_obstacles/terrain_smooth_obstacles_325_easy.json,maps/smooth_obstacles/terrain_smooth_obstacles_325_medium.json,maps/smooth_obstacles/terrain_smooth_obstacles_325_hard.json
train,terrain_smooth_obstacles_326,smooth_obstacles,326,terrain_smooth_obstacles_326_easy,terrain_smooth_obstacles_326_medium,terrain_smooth_obstacles_326_hard,maps/smooth_obstacles/terrain_smooth_obstacles_326_easy.json,maps/smooth_obstacles/terrain_smooth_obstacles_326_medium.json,maps/smooth_obstacles/terrain_smooth_obstacles_326_hard.json
train,terrain_smooth_obstacles_327,smooth_obstacles,327,terrain_smooth_obstacles_327_easy,terrain_smooth_obstacles_327_medium,terrain_smooth_obstacles_327_hard,maps/smooth_obstacles/terrain_smooth_obstacles_327_easy.json,maps/smooth_obstacles/terrain_smooth_obstacles_327_medium.json,maps/smooth_obstacles/terrain_smooth_obstacles_327_hard.json
train,terrain_smooth_obstacles_328,smooth_obstacles,328,terrain_smooth_obstacles_328_easy,terrain_smooth_obstacles_328_medium,terrain_smooth_obstacles_328_hard,maps/smooth_obstacles/terrain_smooth_obstacles_328_easy.json,maps/smooth_obstacles/terrain_smooth_obstacles_328_medium.json,maps/smooth_obstacles/terrain_smooth_obstacles_328_hard.json
train,terrain_smooth_obstacles_329,smooth_obstacles,329,terrain_smooth_obstacles_329_easy,terrain_smooth_obstacles_329_medium,terrain_smooth_obstacles_329_hard,maps/smooth_obstacles/terrain_smooth_obstacles_329_easy.json,maps/smooth_obstacles/terrain_smooth_obstacles_329_medium.json,maps/smooth_obstacles/terrain_smooth_obstacles_329_hard.json
train,terrain_smooth_obstacles_330,smooth_obstacles,330,terrain_smooth_obstacles_330_easy,terrain_smooth_obstacles_330_medium,terrain_smooth_obstacles_330_hard,maps/smooth_obstacles/terrain_smooth_obstacles_330_easy.json,maps/smooth_obstacles/terrain_smooth_obstacles_330_medium.json,maps/smooth_obstacles/terrain_smooth_obstacles_330_hard.json
train,terrain_smooth_obstacles_331,smooth_obstacles,331,terrain_smooth_obstacles_331_easy,terrain_smooth_obstacles_331_medium,terrain_smooth_obstacles_331_hard,maps/smooth_obstacles/terrain_smooth_obstacles_331_easy.json,maps/smooth_obstacles/terrain_smooth_obstacles_331_medium.json,maps/smooth_obstacles/terrain_smooth_obstacles_331_hard.json
train,terrain_smooth_obstacles_332,smooth_obstacles,332,terrain_smooth_obstacles_332_easy,terrain_smooth_obstacles_332_medium,terrain_smooth_obstacles_332_hard,maps/smooth_obstacles/terrain_smooth_obstacles_332_easy.json,maps/smooth_obstacles/terrain_smooth_obstacles_332_medium.json,maps/smooth_obstacles/terrain_smooth_obstacles_332_hard.json
train,terrain_smooth_obstacles_333,smooth_obstacles,333,terrain_smooth_obstacles_333_easy,terrain_smooth_obstacles_333_medium,terrain_smooth_obstacles_333_hard,maps/smooth_obstacles/terrain_smooth_obstacles_333_easy.json,maps/smooth_obstacles/terrain_smooth_obstacles_333_medium.json,maps/smooth_obstacles/terrain_smooth_obstacles_333_hard.json
train,terrain_rolling_001,rolling,1,terrain_rolling_001_easy,terrain_rolling_001_medium,terrain_rolling_001_hard,maps/rolling/terrain_rolling_001_easy.json,maps/rolling/terrain_rolling_001_medium.json,maps/rolling/terrain_rolling_001_hard.json
train,terrain_rolling_002,rolling,2,terrain_rolling_002_easy,terrain_rolling_002_medium,terrain_rolling_002_hard,maps/rolling/terrain_rolling_002_easy.json,maps/rolling/terrain_rolling_002_medium.json,maps/rolling/terrain_rolling_002_hard.json
train,terrain_rolling_003,rolling,3,terrain_rolling_003_easy,terrain_rolling_003_medium,terrain_rolling_003_hard,maps/rolling/terrain_rolling_003_easy.json,maps/rolling/terrain_rolling_003_medium.json,maps/rolling/terrain_rolling_003_hard.json
train,terrain_rolling_005,rolling,5,terrain_rolling_005_easy,terrain_rolling_005_medium,terrain_rolling_005_hard,maps/rolling/terrain_rolling_005_easy.json,maps/rolling/terrain_rolling_005_medium.json,maps/rolling/terrain_rolling_005_hard.json
train,terrain_rolling_006,rolling,6,terrain_rolling_006_easy,terrain_rolling_006_medium,terrain_rolling_006_hard,maps/rolling/terrain_rolling_006_easy.json,maps/rolling/terrain_rolling_006_medium.json,maps/rolling/terrain_rolling_006_hard.json
train,terrain_rolling_007,rolling,7,terrain_rolling_007_easy,terrain_rolling_007_medium,terrain_rolling_007_hard,maps/rolling/terrain_rolling_007_easy.json,maps/rolling/terrain_rolling_007_medium.json,maps/rolling/terrain_rolling_007_hard.json
train,terrain_rolling_009,rolling,9,terrain_rolling_009_easy,terrain_rolling_009_medium,terrain_rolling_009_hard,maps/rolling/terrain_rolling_009_easy.json,maps/rolling/terrain_rolling_009_medium.json,maps/rolling/terrain_rolling_009_hard.json
train,terrain_rolling_011,rolling,11,terrain_rolling_011_easy,terrain_rolling_011_medium,terrain_rolling_011_hard,maps/rolling/terrain_rolling_011_easy.json,maps/rolling/terrain_rolling_011_medium.json,maps/rolling/terrain_rolling_011_hard.json
train,terrain_rolling_012,rolling,12,terrain_rolling_012_easy,terrain_rolling_012_medium,terrain_rolling_012_hard,maps/rolling/terrain_rolling_012_easy.json,maps/rolling/terrain_rolling_012_medium.json,maps/rolling/terrain_rolling_012_hard.json
train,terrain_rolling_013,rolling,13,terrain_rolling_013_easy,terrain_rolling_013_medium,terrain_rolling_013_hard,maps/rolling/terrain_rolling_013_easy.json,maps/rolling/terrain_rolling_013_medium.json,maps/rolling/terrain_rolling_013_hard.json
train,terrain_rolling_014,rolling,14,terrain_rolling_014_easy,terrain_rolling_014_medium,terrain_rolling_014_hard,maps/rolling/terrain_rolling_014_easy.json,maps/rolling/terrain_rolling_014_medium.json,maps/rolling/terrain_rolling_014_hard.json
train,terrain_rolling_015,rolling,15,terrain_rolling_015_easy,terrain_rolling_015_medium,terrain_rolling_015_hard,maps/rolling/terrain_rolling_015_easy.json,maps/rolling/terrain_rolling_015_medium.json,maps/rolling/terrain_rolling_015_hard.json
train,terrain_rolling_016,rolling,16,terrain_rolling_016_easy,terrain_rolling_016_medium,terrain_rolling_016_hard,maps/rolling/terrain_rolling_016_easy.json,maps/rolling/terrain_rolling_016_medium.json,maps/rolling/terrain_rolling_016_hard.json
train,terrain_rolling_018,rolling,18,terrain_rolling_018_easy,terrain_rolling_018_medium,terrain_rolling_018_hard,maps/rolling/terrain_rolling_018_easy.json,maps/rolling/terrain_rolling_018_medium.json,maps/rolling/terrain_rolling_018_hard.json
train,terrain_rolling_019,rolling,19,terrain_rolling_019_easy,terrain_rolling_019_medium,terrain_rolling_019_hard,maps/rolling/terrain_rolling_019_easy.json,maps/rolling/terrain_rolling_019_medium.json,maps/rolling/terrain_rolling_019_hard.json
train,terrain_rolling_021,rolling,21,terrain_rolling_021_easy,terrain_rolling_021_medium,terrain_rolling_021_hard,maps/rolling/terrain_rolling_021_easy.json,maps/rolling/terrain_rolling_021_medium.json,maps/rolling/terrain_rolling_021_hard.json
train,terrain_rolling_023,rolling,23,terrain_rolling_023_easy,terrain_rolling_023_medium,terrain_rolling_023_hard,maps/rolling/terrain_rolling_023_easy.json,maps/rolling/terrain_rolling_023_medium.json,maps/rolling/terrain_rolling_023_hard.json
train,terrain_rolling_024,rolling,24,terrain_rolling_024_easy,terrain_rolling_024_medium,terrain_rolling_024_hard,maps/rolling/terrain_rolling_024_easy.json,maps/rolling/terrain_rolling_024_medium.json,maps/rolling/terrain_rolling_024_hard.json
train,terrain_rolling_025,rolling,25,terrain_rolling_025_easy,terrain_rolling_025_medium,terrain_rolling_025_hard,maps/rolling/terrain_rolling_025_easy.json,maps/rolling/terrain_rolling_025_medium.json,maps/rolling/terrain_rolling_025_hard.json
train,terrain_rolling_026,rolling,26,terrain_rolling_026_easy,terrain_rolling_026_medium,terrain_rolling_026_hard,maps/rolling/terrain_rolling_026_easy.json,maps/rolling/terrain_rolling_026_medium.json,maps/rolling/terrain_rolling_026_hard.json
train,terrain_rolling_027,rolling,27,terrain_rolling_027_easy,terrain_rolling_027_medium,terrain_rolling_027_hard,maps/rolling/terrain_rolling_027_easy.json,maps/rolling/terrain_rolling_027_medium.json,maps/rolling/terrain_rolling_027_hard.json
train,terrain_rolling_028,rolling,28,terrain_rolling_028_easy,terrain_rolling_028_medium,terrain_rolling_028_hard,maps/rolling/terrain_rolling_028_easy.json,maps/rolling/terrain_rolling_028_medium.json,maps/rolling/terrain_rolling_028_hard.json
train,terrain_rolling_029,rolling,29,terrain_rolling_029_easy,terrain_rolling_029_medium,terrain_rolling_029_hard,maps/rolling/terrain_rolling_029_easy.json,maps/rolling/terrain_rolling_029_medium.json,maps/rolling/terrain_rolling_029_hard.json
train,terrain_rolling_030,rolling,30,terrain_rolling_030_easy,terrain_rolling_030_medium,terrain_rolling_030_hard,maps/rolling/terrain_rolling_030_easy.json,maps/rolling/terrain_rolling_030_medium.json,maps/rolling/terrain_rolling_030_hard.json
train,terrain_rolling_031,rolling,31,terrain_rolling_031_easy,terrain_rolling_031_medium,terrain_rolling_031_hard,maps/rolling/terrain_rolling_031_easy.json,maps/rolling/terrain_rolling_031_medium.json,maps/rolling/terrain_rolling_031_hard.json
train,terrain_rolling_032,rolling,32,terrain_rolling_032_easy,terrain_rolling_032_medium,terrain_rolling_032_hard,maps/rolling/terrain_rolling_032_easy.json,maps/rolling/terrain_rolling_032_medium.json,maps/rolling/terrain_rolling_032_hard.json
train,terrain_rolling_034,rolling,34,terrain_rolling_034_easy,terrain_rolling_034_medium,terrain_rolling_034_hard,maps/rolling/terrain_rolling_034_easy.json,maps/rolling/terrain_rolling_034_medium.json,maps/rolling/terrain_rolling_034_hard.json
train,terrain_rolling_036,rolling,36,terrain_rolling_036_easy,terrain_rolling_036_medium,terrain_rolling_036_hard,maps/rolling/terrain_rolling_036_easy.json,maps/rolling/terrain_rolling_036_medium.json,maps/rolling/terrain_rolling_036_hard.json
train,terrain_rolling_037,rolling,37,terrain_rolling_037_easy,terrain_rolling_037_medium,terrain_rolling_037_hard,maps/rolling/terrain_rolling_037_easy.json,maps/rolling/terrain_rolling_037_medium.json,maps/rolling/terrain_rolling_037_hard.json
train,terrain_rolling_039,rolling,39,terrain_rolling_039_easy,terrain_rolling_039_medium,terrain_rolling_039_hard,maps/rolling/terrain_rolling_039_easy.json,maps/rolling/terrain_rolling_039_medium.json,maps/rolling/terrain_rolling_039_hard.json
train,terrain_rolling_040,rolling,40,terrain_rolling_040_easy,terrain_rolling_040_medium,terrain_rolling_040_hard,maps/rolling/terrain_rolling_040_easy.json,maps/rolling/terrain_rolling_040_medium.json,maps/rolling/terrain_rolling_040_hard.json
train,terrain_rolling_041,rolling,41,terrain_rolling_041_easy,terrain_rolling_041_medium,terrain_rolling_041_hard,maps/rolling/terrain_rolling_041_easy.json,maps/rolling/terrain_rolling_041_medium.json,maps/rolling/terrain_rolling_041_hard.json
train,terrain_rolling_042,rolling,42,terrain_rolling_042_easy,terrain_rolling_042_medium,terrain_rolling_042_hard,maps/rolling/terrain_rolling_042_easy.json,maps/rolling/terrain_rolling_042_medium.json,maps/rolling/terrain_rolling_042_hard.json
train,terrain_rolling_043,rolling,43,terrain_rolling_043_easy,terrain_rolling_043_medium,terrain_rolling_043_hard,maps/rolling/terrain_rolling_043_easy.json,maps/rolling/terrain_rolling_043_medium.json,maps/rolling/terrain_rolling_043_hard.json
train,terrain_rolling_044,rolling,44,terrain_rolling_044_easy,terrain_rolling_044_medium,terrain_rolling_044_hard,maps/rolling/terrain_rolling_044_easy.json,maps/rolling/terrain_rolling_044_medium.json,maps/rolling/terrain_rolling_044_hard.json
train,terrain_rolling_045,rolling,45,terrain_rolling_045_easy,terrain_rolling_045_medium,terrain_rolling_045_hard,maps/rolling/terrain_rolling_045_easy.json,maps/rolling/terrain_rolling_045_medium.json,maps/rolling/terrain_rolling_045_hard.json
train,terrain_rolling_046,rolling,46,terrain_rolling_046_easy,terrain_rolling_046_medium,terrain_rolling_046_hard,maps/rolling/terrain_rolling_046_easy.json,maps/rolling/terrain_rolling_046_medium.json,maps/rolling/terrain_rolling_046_hard.json
train,terrain_rolling_047,rolling,47,terrain_rolling_047_easy,terrain_rolling_047_medium,terrain_rolling_047_hard,maps/rolling/terrain_rolling_047_easy.json,maps/rolling/terrain_rolling_047_medium.json,maps/rolling/terrain_rolling_047_hard.json
train,terrain_rolling_048,rolling,48,terrain_rolling_048_easy,terrain_rolling_048_medium,terrain_rolling_048_hard,maps/rolling/terrain_rolling_048_easy.json,maps/rolling/terrain_rolling_048_medium.json,maps/rolling/terrain_rolling_048_hard.json
train,terrain_rolling_050,rolling,50,terrain_rolling_050_easy,terrain_rolling_050_medium,terrain_rolling_050_hard,maps/rolling/terrain_rolling_050_easy.json,maps/rolling/terrain_rolling_050_medium.json,maps/rolling/terrain_rolling_050_hard.json
train,terrain_rolling_051,rolling,51,terrain_rolling_051_easy,terrain_rolling_051_medium,terrain_rolling_051_hard,maps/rolling/terrain_rolling_051_easy.json,maps/rolling/terrain_rolling_051_medium.json,maps/rolling/terrain_rolling_051_hard.json
train,terrain_rolling_053,rolling,53,terrain_rolling_053_easy,terrain_rolling_053_medium,terrain_rolling_053_hard,maps/rolling/terrain_rolling_053_easy.json,maps/rolling/terrain_rolling_053_medium.json,maps/rolling/terrain_rolling_053_hard.json
train,terrain_rolling_054,rolling,54,terrain_rolling_054_easy,terrain_rolling_054_medium,terrain_rolling_054_hard,maps/rolling/terrain_rolling_054_easy.json,maps/rolling/terrain_rolling_054_medium.json,maps/rolling/terrain_rolling_054_hard.json
train,terrain_rolling_056,rolling,56,terrain_rolling_056_easy,terrain_rolling_056_medium,terrain_rolling_056_hard,maps/rolling/terrain_rolling_056_easy.json,maps/rolling/terrain_rolling_056_medium.json,maps/rolling/terrain_rolling_056_hard.json
train,terrain_rolling_057,rolling,57,terrain_rolling_057_easy,terrain_rolling_057_medium,terrain_rolling_057_hard,maps/rolling/terrain_rolling_057_easy.json,maps/rolling/terrain_rolling_057_medium.json,maps/rolling/terrain_rolling_057_hard.json
train,terrain_rolling_058,rolling,58,terrain_rolling_058_easy,terrain_rolling_058_medium,terrain_rolling_058_hard,maps/rolling/terrain_rolling_058_easy.json,maps/rolling/terrain_rolling_058_medium.json,maps/rolling/terrain_rolling_058_hard.json
train,terrain_rolling_059,rolling,59,terrain_rolling_059_easy,terrain_rolling_059_medium,terrain_rolling_059_hard,maps/rolling/terrain_rolling_059_easy.json,maps/rolling/terrain_rolling_059_medium.json,maps/rolling/terrain_rolling_059_hard.json
train,terrain_rolling_060,rolling,60,terrain_rolling_060_easy,terrain_rolling_060_medium,terrain_rolling_060_hard,maps/rolling/terrain_rolling_060_easy.json,maps/rolling/terrain_rolling_060_medium.json,maps/rolling/terrain_rolling_060_hard.json
train,terrain_rolling_061,rolling,61,terrain_rolling_061_easy,terrain_rolling_061_medium,terrain_rolling_061_hard,maps/rolling/terrain_rolling_061_easy.json,maps/rolling/terrain_rolling_061_medium.json,maps/rolling/terrain_rolling_061_hard.json
train,terrain_rolling_062,rolling,62,terrain_rolling_062_easy,terrain_rolling_062_medium,terrain_rolling_062_hard,maps/rolling/terrain_rolling_062_easy.json,maps/rolling/terrain_rolling_062_medium.json,maps/rolling/terrain_rolling_062_hard.json
train,terrain_rolling_064,rolling,64,terrain_rolling_064_easy,terrain_rolling_064_medium,terrain_rolling_064_hard,maps/rolling/terrain_rolling_064_easy.json,maps/rolling/terrain_rolling_064_medium.json,maps/rolling/terrain_rolling_064_hard.json
train,terrain_rolling_065,rolling,65,terrain_rolling_065_easy,terrain_rolling_065_medium,terrain_rolling_065_hard,maps/rolling/terrain_rolling_065_easy.json,maps/rolling/terrain_rolling_065_medium.json,maps/rolling/terrain_rolling_065_hard.json
train,terrain_rolling_067,rolling,67,terrain_rolling_067_easy,terrain_rolling_067_medium,terrain_rolling_067_hard,maps/rolling/terrain_rolling_067_easy.json,maps/rolling/terrain_rolling_067_medium.json,maps/rolling/terrain_rolling_067_hard.json
train,terrain_rolling_071,rolling,71,terrain_rolling_071_easy,terrain_rolling_071_medium,terrain_rolling_071_hard,maps/rolling/terrain_rolling_071_easy.json,maps/rolling/terrain_rolling_071_medium.json,maps/rolling/terrain_rolling_071_hard.json
train,terrain_rolling_073,rolling,73,terrain_rolling_073_easy,terrain_rolling_073_medium,terrain_rolling_073_hard,maps/rolling/terrain_rolling_073_easy.json,maps/rolling/terrain_rolling_073_medium.json,maps/rolling/terrain_rolling_073_hard.json
train,terrain_rolling_074,rolling,74,terrain_rolling_074_easy,terrain_rolling_074_medium,terrain_rolling_074_hard,maps/rolling/terrain_rolling_074_easy.json,maps/rolling/terrain_rolling_074_medium.json,maps/rolling/terrain_rolling_074_hard.json
train,terrain_rolling_075,rolling,75,terrain_rolling_075_easy,terrain_rolling_075_medium,terrain_rolling_075_hard,maps/rolling/terrain_rolling_075_easy.json,maps/rolling/terrain_rolling_075_medium.json,maps/rolling/terrain_rolling_075_hard.json
train,terrain_rolling_076,rolling,76,terrain_rolling_076_easy,terrain_rolling_076_medium,terrain_rolling_076_hard,maps/rolling/terrain_rolling_076_easy.json,maps/rolling/terrain_rolling_076_medium.json,maps/rolling/terrain_rolling_076_hard.json
train,terrain_rolling_077,rolling,77,terrain_rolling_077_easy,terrain_rolling_077_medium,terrain_rolling_077_hard,maps/rolling/terrain_rolling_077_easy.json,maps/rolling/terrain_rolling_077_medium.json,maps/rolling/terrain_rolling_077_hard.json
train,terrain_rolling_079,rolling,79,terrain_rolling_079_easy,terrain_rolling_079_medium,terrain_rolling_079_hard,maps/rolling/terrain_rolling_079_easy.json,maps/rolling/terrain_rolling_079_medium.json,maps/rolling/terrain_rolling_079_hard.json
train,terrain_rolling_080,rolling,80,terrain_rolling_080_easy,terrain_rolling_080_medium,terrain_rolling_080_hard,maps/rolling/terrain_rolling_080_easy.json,maps/rolling/terrain_rolling_080_medium.json,maps/rolling/terrain_rolling_080_hard.json
train,terrain_rolling_081,rolling,81,terrain_rolling_081_easy,terrain_rolling_081_medium,terrain_rolling_081_hard,maps/rolling/terrain_rolling_081_easy.json,maps/rolling/terrain_rolling_081_medium.json,maps/rolling/terrain_rolling_081_hard.json
train,terrain_rolling_083,rolling,83,terrain_rolling_083_easy,terrain_rolling_083_medium,terrain_rolling_083_hard,maps/rolling/terrain_rolling_083_easy.json,maps/rolling/terrain_rolling_083_medium.json,maps/rolling/terrain_rolling_083_hard.json
train,terrain_rolling_085,rolling,85,terrain_rolling_085_easy,terrain_rolling_085_medium,terrain_rolling_085_hard,maps/rolling/terrain_rolling_085_easy.json,maps/rolling/terrain_rolling_085_medium.json,maps/rolling/terrain_rolling_085_hard.json
train,terrain_rolling_086,rolling,86,terrain_rolling_086_easy,terrain_rolling_086_medium,terrain_rolling_086_hard,maps/rolling/terrain_rolling_086_easy.json,maps/rolling/terrain_rolling_086_medium.json,maps/rolling/terrain_rolling_086_hard.json
train,terrain_rolling_088,rolling,88,terrain_rolling_088_easy,terrain_rolling_088_medium,terrain_rolling_088_hard,maps/rolling/terrain_rolling_088_easy.json,maps/rolling/terrain_rolling_088_medium.json,maps/rolling/terrain_rolling_088_hard.json
train,terrain_rolling_091,rolling,91,terrain_rolling_091_easy,terrain_rolling_091_medium,terrain_rolling_091_hard,maps/rolling/terrain_rolling_091_easy.json,maps/rolling/terrain_rolling_091_medium.json,maps/rolling/terrain_rolling_091_hard.json
train,terrain_rolling_092,rolling,92,terrain_rolling_092_easy,terrain_rolling_092_medium,terrain_rolling_092_hard,maps/rolling/terrain_rolling_092_easy.json,maps/rolling/terrain_rolling_092_medium.json,maps/rolling/terrain_rolling_092_hard.json
train,terrain_rolling_094,rolling,94,terrain_rolling_094_easy,terrain_rolling_094_medium,terrain_rolling_094_hard,maps/rolling/terrain_rolling_094_easy.json,maps/rolling/terrain_rolling_094_medium.json,maps/rolling/terrain_rolling_094_hard.json
train,terrain_rolling_095,rolling,95,terrain_rolling_095_easy,terrain_rolling_095_medium,terrain_rolling_095_hard,maps/rolling/terrain_rolling_095_easy.json,maps/rolling/terrain_rolling_095_medium.json,maps/rolling/terrain_rolling_095_hard.json
train,terrain_rolling_097,rolling,97,terrain_rolling_097_easy,terrain_rolling_097_medium,terrain_rolling_097_hard,maps/rolling/terrain_rolling_097_easy.json,maps/rolling/terrain_rolling_097_medium.json,maps/rolling/terrain_rolling_097_hard.json
train,terrain_rolling_098,rolling,98,terrain_rolling_098_easy,terrain_rolling_098_medium,terrain_rolling_098_hard,maps/rolling/terrain_rolling_098_easy.json,maps/rolling/terrain_rolling_098_medium.json,maps/rolling/terrain_rolling_098_hard.json
train,terrain_rolling_099,rolling,99,terrain_rolling_099_easy,terrain_rolling_099_medium,terrain_rolling_099_hard,maps/rolling/terrain_rolling_099_easy.json,maps/rolling/terrain_rolling_099_medium.json,maps/rolling/terrain_rolling_099_hard.json
train,terrain_rolling_100,rolling,100,terrain_rolling_100_easy,terrain_rolling_100_medium,terrain_rolling_100_hard,maps/rolling/terrain_rolling_100_easy.json,maps/rolling/terrain_rolling_100_medium.json,maps/rolling/terrain_rolling_100_hard.json
train,terrain_rolling_102,rolling,102,terrain_rolling_102_easy,terrain_rolling_102_medium,terrain_rolling_102_hard,maps/rolling/terrain_rolling_102_easy.json,maps/rolling/terrain_rolling_102_medium.json,maps/rolling/terrain_rolling_102_hard.json
train,terrain_rolling_104,rolling,104,terrain_rolling_104_easy,terrain_rolling_104_medium,terrain_rolling_104_hard,maps/rolling/terrain_rolling_104_easy.json,maps/rolling/terrain_rolling_104_medium.json,maps/rolling/terrain_rolling_104_hard.json
train,terrain_rolling_106,rolling,106,terrain_rolling_106_easy,terrain_rolling_106_medium,terrain_rolling_106_hard,maps/rolling/terrain_rolling_106_easy.json,maps/rolling/terrain_rolling_106_medium.json,maps/rolling/terrain_rolling_106_hard.json
train,terrain_rolling_108,rolling,108,terrain_rolling_108_easy,terrain_rolling_108_medium,terrain_rolling_108_hard,maps/rolling/terrain_rolling_108_easy.json,maps/rolling/terrain_rolling_108_medium.json,maps/rolling/terrain_rolling_108_hard.json
train,terrain_rolling_109,rolling,109,terrain_rolling_109_easy,terrain_rolling_109_medium,terrain_rolling_109_hard,maps/rolling/terrain_rolling_109_easy.json,maps/rolling/terrain_rolling_109_medium.json,maps/rolling/terrain_rolling_109_hard.json
train,terrain_rolling_110,rolling,110,terrain_rolling_110_easy,terrain_rolling_110_medium,terrain_rolling_110_hard,maps/rolling/terrain_rolling_110_easy.json,maps/rolling/terrain_rolling_110_medium.json,maps/rolling/terrain_rolling_110_hard.json
train,terrain_rolling_113,rolling,113,terrain_rolling_113_easy,terrain_rolling_113_medium,terrain_rolling_113_hard,maps/rolling/terrain_rolling_113_easy.json,maps/rolling/terrain_rolling_113_medium.json,maps/rolling/terrain_rolling_113_hard.json
train,terrain_rolling_114,rolling,114,terrain_rolling_114_easy,terrain_rolling_114_medium,terrain_rolling_114_hard,maps/rolling/terrain_rolling_114_easy.json,maps/rolling/terrain_rolling_114_medium.json,maps/rolling/terrain_rolling_114_hard.json
train,terrain_rolling_116,rolling,116,terrain_rolling_116_easy,terrain_rolling_116_medium,terrain_rolling_116_hard,maps/rolling/terrain_rolling_116_easy.json,maps/rolling/terrain_rolling_116_medium.json,maps/rolling/terrain_rolling_116_hard.json
train,terrain_rolling_117,rolling,117,terrain_rolling_117_easy,terrain_rolling_117_medium,terrain_rolling_117_hard,maps/rolling/terrain_rolling_117_easy.json,maps/rolling/terrain_rolling_117_medium.json,maps/rolling/terrain_rolling_117_hard.json
train,terrain_rolling_118,rolling,118,terrain_rolling_118_easy,terrain_rolling_118_medium,terrain_rolling_118_hard,maps/rolling/terrain_rolling_118_easy.json,maps/rolling/terrain_rolling_118_medium.json,maps/rolling/terrain_rolling_118_hard.json
train,terrain_rolling_119,rolling,119,terrain_rolling_119_easy,terrain_rolling_119_medium,terrain_rolling_119_hard,maps/rolling/terrain_rolling_119_easy.json,maps/rolling/terrain_rolling_119_medium.json,maps/rolling/terrain_rolling_119_hard.json
train,terrain_rolling_120,rolling,120,terrain_rolling_120_easy,terrain_rolling_120_medium,terrain_rolling_120_hard,maps/rolling/terrain_rolling_120_easy.json,maps/rolling/terrain_rolling_120_medium.json,maps/rolling/terrain_rolling_120_hard.json
train,terrain_rolling_121,rolling,121,terrain_rolling_121_easy,terrain_rolling_121_medium,terrain_rolling_121_hard,maps/rolling/terrain_rolling_121_easy.json,maps/rolling/terrain_rolling_121_medium.json,maps/rolling/terrain_rolling_121_hard.json
train,terrain_rolling_122,rolling,122,terrain_rolling_122_easy,terrain_rolling_122_medium,terrain_rolling_122_hard,maps/rolling/terrain_rolling_122_easy.json,maps/rolling/terrain_rolling_122_medium.json,maps/rolling/terrain_rolling_122_hard.json
train,terrain_rolling_124,rolling,124,terrain_rolling_124_easy,terrain_rolling_124_medium,terrain_rolling_124_hard,maps/rolling/terrain_rolling_124_easy.json,maps/rolling/terrain_rolling_124_medium.json,maps/rolling/terrain_rolling_124_hard.json
train,terrain_rolling_127,rolling,127,terrain_rolling_127_easy,terrain_rolling_127_medium,terrain_rolling_127_hard,maps/rolling/terrain_rolling_127_easy.json,maps/rolling/terrain_rolling_127_medium.json,maps/rolling/terrain_rolling_127_hard.json
train,terrain_rolling_128,rolling,128,terrain_rolling_128_easy,terrain_rolling_128_medium,terrain_rolling_128_hard,maps/rolling/terrain_rolling_128_easy.json,maps/rolling/terrain_rolling_128_medium.json,maps/rolling/terrain_rolling_128_hard.json
train,terrain_rolling_129,rolling,129,terrain_rolling_129_easy,terrain_rolling_129_medium,terrain_rolling_129_hard,maps/rolling/terrain_rolling_129_easy.json,maps/rolling/terrain_rolling_129_medium.json,maps/rolling/terrain_rolling_129_hard.json
train,terrain_rolling_130,rolling,130,terrain_rolling_130_easy,terrain_rolling_130_medium,terrain_rolling_130_hard,maps/rolling/terrain_rolling_130_easy.json,maps/rolling/terrain_rolling_130_medium.json,maps/rolling/terrain_rolling_130_hard.json
train,terrain_rolling_131,rolling,131,terrain_rolling_131_easy,terrain_rolling_131_medium,terrain_rolling_131_hard,maps/rolling/terrain_rolling_131_easy.json,maps/rolling/terrain_rolling_131_medium.json,maps/rolling/terrain_rolling_131_hard.json
train,terrain_rolling_132,rolling,132,terrain_rolling_132_easy,terrain_rolling_132_medium,terrain_rolling_132_hard,maps/rolling/terrain_rolling_132_easy.json,maps/rolling/terrain_rolling_132_medium.json,maps/rolling/terrain_rolling_132_hard.json
train,terrain_rolling_134,rolling,134,terrain_rolling_134_easy,terrain_rolling_134_medium,terrain_rolling_134_hard,maps/rolling/terrain_rolling_134_easy.json,maps/rolling/terrain_rolling_134_medium.json,maps/rolling/terrain_rolling_134_hard.json
train,terrain_rolling_135,rolling,135,terrain_rolling_135_easy,terrain_rolling_135_medium,terrain_rolling_135_hard,maps/rolling/terrain_rolling_135_easy.json,maps/rolling/terrain_rolling_135_medium.json,maps/rolling/terrain_rolling_135_hard.json
train,terrain_rolling_137,rolling,137,terrain_rolling_137_easy,terrain_rolling_137_medium,terrain_rolling_137_hard,maps/rolling/terrain_rolling_137_easy.json,maps/rolling/terrain_rolling_137_medium.json,maps/rolling/terrain_rolling_137_hard.json
train,terrain_rolling_138,rolling,138,terrain_rolling_138_easy,terrain_rolling_138_medium,terrain_rolling_138_hard,maps/rolling/terrain_rolling_138_easy.json,maps/rolling/terrain_rolling_138_medium.json,maps/rolling/terrain_rolling_138_hard.json
train,terrain_rolling_139,rolling,139,terrain_rolling_139_easy,terrain_rolling_139_medium,terrain_rolling_139_hard,maps/rolling/terrain_rolling_139_easy.json,maps/rolling/terrain_rolling_139_medium.json,maps/rolling/terrain_rolling_139_hard.json
train,terrain_rolling_140,rolling,140,terrain_rolling_140_easy,terrain_rolling_140_medium,terrain_rolling_140_hard,maps/rolling/terrain_rolling_140_easy.json,maps/rolling/terrain_rolling_140_medium.json,maps/rolling/terrain_rolling_140_hard.json
train,terrain_rolling_141,rolling,141,terrain_rolling_141_easy,terrain_rolling_141_medium,terrain_rolling_141_hard,maps/rolling/terrain_rolling_141_easy.json,maps/rolling/terrain_rolling_141_medium.json,maps/rolling/terrain_rolling_141_hard.json
train,terrain_rolling_142,rolling,142,terrain_rolling_142_easy,terrain_rolling_142_medium,terrain_rolling_142_hard,maps/rolling/terrain_rolling_142_easy.json,maps/rolling/terrain_rolling_142_medium.json,maps/rolling/terrain_rolling_142_hard.json
train,terrain_rolling_143,rolling,143,terrain_rolling_143_easy,terrain_rolling_143_medium,terrain_rolling_143_hard,maps/rolling/terrain_rolling_143_easy.json,maps/rolling/terrain_rolling_143_medium.json,maps/rolling/terrain_rolling_143_hard.json
train,terrain_rolling_144,rolling,144,terrain_rolling_144_easy,terrain_rolling_144_medium,terrain_rolling_144_hard,maps/rolling/terrain_rolling_144_easy.json,maps/rolling/terrain_rolling_144_medium.json,maps/rolling/terrain_rolling_144_hard.json
train,terrain_rolling_148,rolling,148,terrain_rolling_148_easy,terrain_rolling_148_medium,terrain_rolling_148_hard,maps/rolling/terrain_rolling_148_easy.json,maps/rolling/terrain_rolling_148_medium.json,maps/rolling/terrain_rolling_148_hard.json
train,terrain_rolling_151,rolling,151,terrain_rolling_151_easy,terrain_rolling_151_medium,terrain_rolling_151_hard,maps/rolling/terrain_rolling_151_easy.json,maps/rolling/terrain_rolling_151_medium.json,maps/rolling/terrain_rolling_151_hard.json
train,terrain_rolling_152,rolling,152,terrain_rolling_152_easy,terrain_rolling_152_medium,terrain_rolling_152_hard,maps/rolling/terrain_rolling_152_easy.json,maps/rolling/terrain_rolling_152_medium.json,maps/rolling/terrain_rolling_152_hard.json
train,terrain_rolling_154,rolling,154,terrain_rolling_154_easy,terrain_rolling_154_medium,terrain_rolling_154_hard,maps/rolling/terrain_rolling_154_easy.json,maps/rolling/terrain_rolling_154_medium.json,maps/rolling/terrain_rolling_154_hard.json
train,terrain_rolling_156,rolling,156,terrain_rolling_156_easy,terrain_rolling_156_medium,terrain_rolling_156_hard,maps/rolling/terrain_rolling_156_easy.json,maps/rolling/terrain_rolling_156_medium.json,maps/rolling/terrain_rolling_156_hard.json
train,terrain_rolling_157,rolling,157,terrain_rolling_157_easy,terrain_rolling_157_medium,terrain_rolling_157_hard,maps/rolling/terrain_rolling_157_easy.json,maps/rolling/terrain_rolling_157_medium.json,maps/rolling/terrain_rolling_157_hard.json
train,terrain_rolling_158,rolling,158,terrain_rolling_158_easy,terrain_rolling_158_medium,terrain_rolling_158_hard,maps/rolling/terrain_rolling_158_easy.json,maps/rolling/terrain_rolling_158_medium.json,maps/rolling/terrain_rolling_158_hard.json
train,terrain_rolling_160,rolling,160,terrain_rolling_160_easy,terrain_rolling_160_medium,terrain_rolling_160_hard,maps/rolling/terrain_rolling_160_easy.json,maps/rolling/terrain_rolling_160_medium.json,maps/rolling/terrain_rolling_160_hard.json
train,terrain_rolling_161,rolling,161,terrain_rolling_161_easy,terrain_rolling_161_medium,terrain_rolling_161_hard,maps/rolling/terrain_rolling_161_easy.json,maps/rolling/terrain_rolling_161_medium.json,maps/rolling/terrain_rolling_161_hard.json
train,terrain_rolling_162,rolling,162,terrain_rolling_162_easy,terrain_rolling_162_medium,terrain_rolling_162_hard,maps/rolling/terrain_rolling_162_easy.json,maps/rolling/terrain_rolling_162_medium.json,maps/rolling/terrain_rolling_162_hard.json
train,terrain_rolling_166,rolling,166,terrain_rolling_166_easy,terrain_rolling_166_medium,terrain_rolling_166_hard,maps/rolling/terrain_rolling_166_easy.json,maps/rolling/terrain_rolling_166_medium.json,maps/rolling/terrain_rolling_166_hard.json
train,terrain_rolling_167,rolling,167,terrain_rolling_167_easy,terrain_rolling_167_medium,terrain_rolling_167_hard,maps/rolling/terrain_rolling_167_easy.json,maps/rolling/terrain_rolling_167_medium.json,maps/rolling/terrain_rolling_167_hard.json
train,terrain_rolling_169,rolling,169,terrain_rolling_169_easy,terrain_rolling_169_medium,terrain_rolling_169_hard,maps/rolling/terrain_rolling_169_easy.json,maps/rolling/terrain_rolling_169_medium.json,maps/rolling/terrain_rolling_169_hard.json
train,terrain_rolling_170,rolling,170,terrain_rolling_170_easy,terrain_rolling_170_medium,terrain_rolling_170_hard,maps/rolling/terrain_rolling_170_easy.json,maps/rolling/terrain_rolling_170_medium.json,maps/rolling/terrain_rolling_170_hard.json
train,terrain_rolling_171,rolling,171,terrain_rolling_171_easy,terrain_rolling_171_medium,terrain_rolling_171_hard,maps/rolling/terrain_rolling_171_easy.json,maps/rolling/terrain_rolling_171_medium.json,maps/rolling/terrain_rolling_171_hard.json
train,terrain_rolling_172,rolling,172,terrain_rolling_172_easy,terrain_rolling_172_medium,terrain_rolling_172_hard,maps/rolling/terrain_rolling_172_easy.json,maps/rolling/terrain_rolling_172_medium.json,maps/rolling/terrain_rolling_172_hard.json
train,terrain_rolling_173,rolling,173,terrain_rolling_173_easy,terrain_rolling_173_medium,terrain_rolling_173_hard,maps/rolling/terrain_rolling_173_easy.json,maps/rolling/terrain_rolling_173_medium.json,maps/rolling/terrain_rolling_173_hard.json
train,terrain_rolling_174,rolling,174,terrain_rolling_174_easy,terrain_rolling_174_medium,terrain_rolling_174_hard,maps/rolling/terrain_rolling_174_easy.json,maps/rolling/terrain_rolling_174_medium.json,maps/rolling/terrain_rolling_174_hard.json
train,terrain_rolling_176,rolling,176,terrain_rolling_176_easy,terrain_rolling_176_medium,terrain_rolling_176_hard,maps/rolling/terrain_rolling_176_easy.json,maps/rolling/terrain_rolling_176_medium.json,maps/rolling/terrain_rolling_176_hard.json
train,terrain_rolling_179,rolling,179,terrain_rolling_179_easy,terrain_rolling_179_medium,terrain_rolling_179_hard,maps/rolling/terrain_rolling_179_easy.json,maps/rolling/terrain_rolling_179_medium.json,maps/rolling/terrain_rolling_179_hard.json
train,terrain_rolling_181,rolling,181,terrain_rolling_181_easy,terrain_rolling_181_medium,terrain_rolling_181_hard,maps/rolling/terrain_rolling_181_easy.json,maps/rolling/terrain_rolling_181_medium.json,maps/rolling/terrain_rolling_181_hard.json
train,terrain_rolling_182,rolling,182,terrain_rolling_182_easy,terrain_rolling_182_medium,terrain_rolling_182_hard,maps/rolling/terrain_rolling_182_easy.json,maps/rolling/terrain_rolling_182_medium.json,maps/rolling/terrain_rolling_182_hard.json
train,terrain_rolling_185,rolling,185,terrain_rolling_185_easy,terrain_rolling_185_medium,terrain_rolling_185_hard,maps/rolling/terrain_rolling_185_easy.json,maps/rolling/terrain_rolling_185_medium.json,maps/rolling/terrain_rolling_185_hard.json
train,terrain_rolling_186,rolling,186,terrain_rolling_186_easy,terrain_rolling_186_medium,terrain_rolling_186_hard,maps/rolling/terrain_rolling_186_easy.json,maps/rolling/terrain_rolling_186_medium.json,maps/rolling/terrain_rolling_186_hard.json
train,terrain_rolling_188,rolling,188,terrain_rolling_188_easy,terrain_rolling_188_medium,terrain_rolling_188_hard,maps/rolling/terrain_rolling_188_easy.json,maps/rolling/terrain_rolling_188_medium.json,maps/rolling/terrain_rolling_188_hard.json
train,terrain_rolling_189,rolling,189,terrain_rolling_189_easy,terrain_rolling_189_medium,terrain_rolling_189_hard,maps/rolling/terrain_rolling_189_easy.json,maps/rolling/terrain_rolling_189_medium.json,maps/rolling/terrain_rolling_189_hard.json
train,terrain_rolling_190,rolling,190,terrain_rolling_190_easy,terrain_rolling_190_medium,terrain_rolling_190_hard,maps/rolling/terrain_rolling_190_easy.json,maps/rolling/terrain_rolling_190_medium.json,maps/rolling/terrain_rolling_190_hard.json
train,terrain_rolling_191,rolling,191,terrain_rolling_191_easy,terrain_rolling_191_medium,terrain_rolling_191_hard,maps/rolling/terrain_rolling_191_easy.json,maps/rolling/terrain_rolling_191_medium.json,maps/rolling/terrain_rolling_191_hard.json
train,terrain_rolling_192,rolling,192,terrain_rolling_192_easy,terrain_rolling_192_medium,terrain_rolling_192_hard,maps/rolling/terrain_rolling_192_easy.json,maps/rolling/terrain_rolling_192_medium.json,maps/rolling/terrain_rolling_192_hard.json
train,terrain_rolling_196,rolling,196,terrain_rolling_196_easy,terrain_rolling_196_medium,terrain_rolling_196_hard,maps/rolling/terrain_rolling_196_easy.json,maps/rolling/terrain_rolling_196_medium.json,maps/rolling/terrain_rolling_196_hard.json
train,terrain_rolling_198,rolling,198,terrain_rolling_198_easy,terrain_rolling_198_medium,terrain_rolling_198_hard,maps/rolling/terrain_rolling_198_easy.json,maps/rolling/terrain_rolling_198_medium.json,maps/rolling/terrain_rolling_198_hard.json
train,terrain_rolling_199,rolling,199,terrain_rolling_199_easy,terrain_rolling_199_medium,terrain_rolling_199_hard,maps/rolling/terrain_rolling_199_easy.json,maps/rolling/terrain_rolling_199_medium.json,maps/rolling/terrain_rolling_199_hard.json
train,terrain_rolling_200,rolling,200,terrain_rolling_200_easy,terrain_rolling_200_medium,terrain_rolling_200_hard,maps/rolling/terrain_rolling_200_easy.json,maps/rolling/terrain_rolling_200_medium.json,maps/rolling/terrain_rolling_200_hard.json
train,terrain_rolling_201,rolling,201,terrain_rolling_201_easy,terrain_rolling_201_medium,terrain_rolling_201_hard,maps/rolling/terrain_rolling_201_easy.json,maps/rolling/terrain_rolling_201_medium.json,maps/rolling/terrain_rolling_201_hard.json
train,terrain_rolling_202,rolling,202,terrain_rolling_202_easy,terrain_rolling_202_medium,terrain_rolling_202_hard,maps/rolling/terrain_rolling_202_easy.json,maps/rolling/terrain_rolling_202_medium.json,maps/rolling/terrain_rolling_202_hard.json
train,terrain_rolling_204,rolling,204,terrain_rolling_204_easy,terrain_rolling_204_medium,terrain_rolling_204_hard,maps/rolling/terrain_rolling_204_easy.json,maps/rolling/terrain_rolling_204_medium.json,maps/rolling/terrain_rolling_204_hard.json
train,terrain_rolling_207,rolling,207,terrain_rolling_207_easy,terrain_rolling_207_medium,terrain_rolling_207_hard,maps/rolling/terrain_rolling_207_easy.json,maps/rolling/terrain_rolling_207_medium.json,maps/rolling/terrain_rolling_207_hard.json
train,terrain_rolling_208,rolling,208,terrain_rolling_208_easy,terrain_rolling_208_medium,terrain_rolling_208_hard,maps/rolling/terrain_rolling_208_easy.json,maps/rolling/terrain_rolling_208_medium.json,maps/rolling/terrain_rolling_208_hard.json
train,terrain_rolling_209,rolling,209,terrain_rolling_209_easy,terrain_rolling_209_medium,terrain_rolling_209_hard,maps/rolling/terrain_rolling_209_easy.json,maps/rolling/terrain_rolling_209_medium.json,maps/rolling/terrain_rolling_209_hard.json
train,terrain_rolling_210,rolling,210,terrain_rolling_210_easy,terrain_rolling_210_medium,terrain_rolling_210_hard,maps/rolling/terrain_rolling_210_easy.json,maps/rolling/terrain_rolling_210_medium.json,maps/rolling/terrain_rolling_210_hard.json
train,terrain_rolling_212,rolling,212,terrain_rolling_212_easy,terrain_rolling_212_medium,terrain_rolling_212_hard,maps/rolling/terrain_rolling_212_easy.json,maps/rolling/terrain_rolling_212_medium.json,maps/rolling/terrain_rolling_212_hard.json
train,terrain_rolling_214,rolling,214,terrain_rolling_214_easy,terrain_rolling_214_medium,terrain_rolling_214_hard,maps/rolling/terrain_rolling_214_easy.json,maps/rolling/terrain_rolling_214_medium.json,maps/rolling/terrain_rolling_214_hard.json
train,terrain_rolling_216,rolling,216,terrain_rolling_216_easy,terrain_rolling_216_medium,terrain_rolling_216_hard,maps/rolling/terrain_rolling_216_easy.json,maps/rolling/terrain_rolling_216_medium.json,maps/rolling/terrain_rolling_216_hard.json
train,terrain_rolling_218,rolling,218,terrain_rolling_218_easy,terrain_rolling_218_medium,terrain_rolling_218_hard,maps/rolling/terrain_rolling_218_easy.json,maps/rolling/terrain_rolling_218_medium.json,maps/rolling/terrain_rolling_218_hard.json
train,terrain_rolling_219,rolling,219,terrain_rolling_219_easy,terrain_rolling_219_medium,terrain_rolling_219_hard,maps/rolling/terrain_rolling_219_easy.json,maps/rolling/terrain_rolling_219_medium.json,maps/rolling/terrain_rolling_219_hard.json
train,terrain_rolling_222,rolling,222,terrain_rolling_222_easy,terrain_rolling_222_medium,terrain_rolling_222_hard,maps/rolling/terrain_rolling_222_easy.json,maps/rolling/terrain_rolling_222_medium.json,maps/rolling/terrain_rolling_222_hard.json
train,terrain_rolling_223,rolling,223,terrain_rolling_223_easy,terrain_rolling_223_medium,terrain_rolling_223_hard,maps/rolling/terrain_rolling_223_easy.json,maps/rolling/terrain_rolling_223_medium.json,maps/rolling/terrain_rolling_223_hard.json
train,terrain_rolling_224,rolling,224,terrain_rolling_224_easy,terrain_rolling_224_medium,terrain_rolling_224_hard,maps/rolling/terrain_rolling_224_easy.json,maps/rolling/terrain_rolling_224_medium.json,maps/rolling/terrain_rolling_224_hard.json
train,terrain_rolling_226,rolling,226,terrain_rolling_226_easy,terrain_rolling_226_medium,terrain_rolling_226_hard,maps/rolling/terrain_rolling_226_easy.json,maps/rolling/terrain_rolling_226_medium.json,maps/rolling/terrain_rolling_226_hard.json
train,terrain_rolling_227,rolling,227,terrain_rolling_227_easy,terrain_rolling_227_medium,terrain_rolling_227_hard,maps/rolling/terrain_rolling_227_easy.json,maps/rolling/terrain_rolling_227_medium.json,maps/rolling/terrain_rolling_227_hard.json
train,terrain_rolling_228,rolling,228,terrain_rolling_228_easy,terrain_rolling_228_medium,terrain_rolling_228_hard,maps/rolling/terrain_rolling_228_easy.json,maps/rolling/terrain_rolling_228_medium.json,maps/rolling/terrain_rolling_228_hard.json
train,terrain_rolling_229,rolling,229,terrain_rolling_229_easy,terrain_rolling_229_medium,terrain_rolling_229_hard,maps/rolling/terrain_rolling_229_easy.json,maps/rolling/terrain_rolling_229_medium.json,maps/rolling/terrain_rolling_229_hard.json
train,terrain_rolling_231,rolling,231,terrain_rolling_231_easy,terrain_rolling_231_medium,terrain_rolling_231_hard,maps/rolling/terrain_rolling_231_easy.json,maps/rolling/terrain_rolling_231_medium.json,maps/rolling/terrain_rolling_231_hard.json
train,terrain_rolling_232,rolling,232,terrain_rolling_232_easy,terrain_rolling_232_medium,terrain_rolling_232_hard,maps/rolling/terrain_rolling_232_easy.json,maps/rolling/terrain_rolling_232_medium.json,maps/rolling/terrain_rolling_232_hard.json
train,terrain_rolling_233,rolling,233,terrain_rolling_233_easy,terrain_rolling_233_medium,terrain_rolling_233_hard,maps/rolling/terrain_rolling_233_easy.json,maps/rolling/terrain_rolling_233_medium.json,maps/rolling/terrain_rolling_233_hard.json
train,terrain_rolling_241,rolling,241,terrain_rolling_241_easy,terrain_rolling_241_medium,terrain_rolling_241_hard,maps/rolling/terrain_rolling_241_easy.json,maps/rolling/terrain_rolling_241_medium.json,maps/rolling/terrain_rolling_241_hard.json
train,terrain_rolling_243,rolling,243,terrain_rolling_243_easy,terrain_rolling_243_medium,terrain_rolling_243_hard,maps/rolling/terrain_rolling_243_easy.json,maps/rolling/terrain_rolling_243_medium.json,maps/rolling/terrain_rolling_243_hard.json
train,terrain_rolling_244,rolling,244,terrain_rolling_244_easy,terrain_rolling_244_medium,terrain_rolling_244_hard,maps/rolling/terrain_rolling_244_easy.json,maps/rolling/terrain_rolling_244_medium.json,maps/rolling/terrain_rolling_244_hard.json
train,terrain_rolling_248,rolling,248,terrain_rolling_248_easy,terrain_rolling_248_medium,terrain_rolling_248_hard,maps/rolling/terrain_rolling_248_easy.json,maps/rolling/terrain_rolling_248_medium.json,maps/rolling/terrain_rolling_248_hard.json
train,terrain_rolling_249,rolling,249,terrain_rolling_249_easy,terrain_rolling_249_medium,terrain_rolling_249_hard,maps/rolling/terrain_rolling_249_easy.json,maps/rolling/terrain_rolling_249_medium.json,maps/rolling/terrain_rolling_249_hard.json
train,terrain_rolling_250,rolling,250,terrain_rolling_250_easy,terrain_rolling_250_medium,terrain_rolling_250_hard,maps/rolling/terrain_rolling_250_easy.json,maps/rolling/terrain_rolling_250_medium.json,maps/rolling/terrain_rolling_250_hard.json
train,terrain_rolling_251,rolling,251,terrain_rolling_251_easy,terrain_rolling_251_medium,terrain_rolling_251_hard,maps/rolling/terrain_rolling_251_easy.json,maps/rolling/terrain_rolling_251_medium.json,maps/rolling/terrain_rolling_251_hard.json
train,terrain_rolling_252,rolling,252,terrain_rolling_252_easy,terrain_rolling_252_medium,terrain_rolling_252_hard,maps/rolling/terrain_rolling_252_easy.json,maps/rolling/terrain_rolling_252_medium.json,maps/rolling/terrain_rolling_252_hard.json
train,terrain_rolling_253,rolling,253,terrain_rolling_253_easy,terrain_rolling_253_medium,terrain_rolling_253_hard,maps/rolling/terrain_rolling_253_easy.json,maps/rolling/terrain_rolling_253_medium.json,maps/rolling/terrain_rolling_253_hard.json
train,terrain_rolling_254,rolling,254,terrain_rolling_254_easy,terrain_rolling_254_medium,terrain_rolling_254_hard,maps/rolling/terrain_rolling_254_easy.json,maps/rolling/terrain_rolling_254_medium.json,maps/rolling/terrain_rolling_254_hard.json
train,terrain_rolling_256,rolling,256,terrain_rolling_256_easy,terrain_rolling_256_medium,terrain_rolling_256_hard,maps/rolling/terrain_rolling_256_easy.json,maps/rolling/terrain_rolling_256_medium.json,maps/rolling/terrain_rolling_256_hard.json
train,terrain_rolling_257,rolling,257,terrain_rolling_257_easy,terrain_rolling_257_medium,terrain_rolling_257_hard,maps/rolling/terrain_rolling_257_easy.json,maps/rolling/terrain_rolling_257_medium.json,maps/rolling/terrain_rolling_257_hard.json
train,terrain_rolling_258,rolling,258,terrain_rolling_258_easy,terrain_rolling_258_medium,terrain_rolling_258_hard,maps/rolling/terrain_rolling_258_easy.json,maps/rolling/terrain_rolling_258_medium.json,maps/rolling/terrain_rolling_258_hard.json
train,terrain_rolling_259,rolling,259,terrain_rolling_259_easy,terrain_rolling_259_medium,terrain_rolling_259_hard,maps/rolling/terrain_rolling_259_easy.json,maps/rolling/terrain_rolling_259_medium.json,maps/rolling/terrain_rolling_259_hard.json
train,terrain_rolling_260,rolling,260,terrain_rolling_260_easy,terrain_rolling_260_medium,terrain_rolling_260_hard,maps/rolling/terrain_rolling_260_easy.json,maps/rolling/terrain_rolling_260_medium.json,maps/rolling/terrain_rolling_260_hard.json
train,terrain_rolling_261,rolling,261,terrain_rolling_261_easy,terrain_rolling_261_medium,terrain_rolling_261_hard,maps/rolling/terrain_rolling_261_easy.json,maps/rolling/terrain_rolling_261_medium.json,maps/rolling/terrain_rolling_261_hard.json
train,terrain_rolling_262,rolling,262,terrain_rolling_262_easy,terrain_rolling_262_medium,terrain_rolling_262_hard,maps/rolling/terrain_rolling_262_easy.json,maps/rolling/terrain_rolling_262_medium.json,maps/rolling/terrain_rolling_262_hard.json
train,terrain_rolling_264,rolling,264,terrain_rolling_264_easy,terrain_rolling_264_medium,terrain_rolling_264_hard,maps/rolling/terrain_rolling_264_easy.json,maps/rolling/terrain_rolling_264_medium.json,maps/rolling/terrain_rolling_264_hard.json
train,terrain_rolling_265,rolling,265,terrain_rolling_265_easy,terrain_rolling_265_medium,terrain_rolling_265_hard,maps/rolling/terrain_rolling_265_easy.json,maps/rolling/terrain_rolling_265_medium.json,maps/rolling/terrain_rolling_265_hard.json
train,terrain_rolling_266,rolling,266,terrain_rolling_266_easy,terrain_rolling_266_medium,terrain_rolling_266_hard,maps/rolling/terrain_rolling_266_easy.json,maps/rolling/terrain_rolling_266_medium.json,maps/rolling/terrain_rolling_266_hard.json
train,terrain_rolling_268,rolling,268,terrain_rolling_268_easy,terrain_rolling_268_medium,terrain_rolling_268_hard,maps/rolling/terrain_rolling_268_easy.json,maps/rolling/terrain_rolling_268_medium.json,maps/rolling/terrain_rolling_268_hard.json
train,terrain_rolling_269,rolling,269,terrain_rolling_269_easy,terrain_rolling_269_medium,terrain_rolling_269_hard,maps/rolling/terrain_rolling_269_easy.json,maps/rolling/terrain_rolling_269_medium.json,maps/rolling/terrain_rolling_269_hard.json
train,terrain_rolling_270,rolling,270,terrain_rolling_270_easy,terrain_rolling_270_medium,terrain_rolling_270_hard,maps/rolling/terrain_rolling_270_easy.json,maps/rolling/terrain_rolling_270_medium.json,maps/rolling/terrain_rolling_270_hard.json
train,terrain_rolling_272,rolling,272,terrain_rolling_272_easy,terrain_rolling_272_medium,terrain_rolling_272_hard,maps/rolling/terrain_rolling_272_easy.json,maps/rolling/terrain_rolling_272_medium.json,maps/rolling/terrain_rolling_272_hard.json
train,terrain_rolling_274,rolling,274,terrain_rolling_274_easy,terrain_rolling_274_medium,terrain_rolling_274_hard,maps/rolling/terrain_rolling_274_easy.json,maps/rolling/terrain_rolling_274_medium.json,maps/rolling/terrain_rolling_274_hard.json
train,terrain_rolling_276,rolling,276,terrain_rolling_276_easy,terrain_rolling_276_medium,terrain_rolling_276_hard,maps/rolling/terrain_rolling_276_easy.json,maps/rolling/terrain_rolling_276_medium.json,maps/rolling/terrain_rolling_276_hard.json
train,terrain_rolling_277,rolling,277,terrain_rolling_277_easy,terrain_rolling_277_medium,terrain_rolling_277_hard,maps/rolling/terrain_rolling_277_easy.json,maps/rolling/terrain_rolling_277_medium.json,maps/rolling/terrain_rolling_277_hard.json
train,terrain_rolling_278,rolling,278,terrain_rolling_278_easy,terrain_rolling_278_medium,terrain_rolling_278_hard,maps/rolling/terrain_rolling_278_easy.json,maps/rolling/terrain_rolling_278_medium.json,maps/rolling/terrain_rolling_278_hard.json
train,terrain_rolling_279,rolling,279,terrain_rolling_279_easy,terrain_rolling_279_medium,terrain_rolling_279_hard,maps/rolling/terrain_rolling_279_easy.json,maps/rolling/terrain_rolling_279_medium.json,maps/rolling/terrain_rolling_279_hard.json
train,terrain_rolling_280,rolling,280,terrain_rolling_280_easy,terrain_rolling_280_medium,terrain_rolling_280_hard,maps/rolling/terrain_rolling_280_easy.json,maps/rolling/terrain_rolling_280_medium.json,maps/rolling/terrain_rolling_280_hard.json
train,terrain_rolling_281,rolling,281,terrain_rolling_281_easy,terrain_rolling_281_medium,terrain_rolling_281_hard,maps/rolling/terrain_rolling_281_easy.json,maps/rolling/terrain_rolling_281_medium.json,maps/rolling/terrain_rolling_281_hard.json
train,terrain_rolling_282,rolling,282,terrain_rolling_282_easy,terrain_rolling_282_medium,terrain_rolling_282_hard,maps/rolling/terrain_rolling_282_easy.json,maps/rolling/terrain_rolling_282_medium.json,maps/rolling/terrain_rolling_282_hard.json
train,terrain_rolling_283,rolling,283,terrain_rolling_283_easy,terrain_rolling_283_medium,terrain_rolling_283_hard,maps/rolling/terrain_rolling_283_easy.json,maps/rolling/terrain_rolling_283_medium.json,maps/rolling/terrain_rolling_283_hard.json
train,terrain_rolling_284,rolling,284,terrain_rolling_284_easy,terrain_rolling_284_medium,terrain_rolling_284_hard,maps/rolling/terrain_rolling_284_easy.json,maps/rolling/terrain_rolling_284_medium.json,maps/rolling/terrain_rolling_284_hard.json
train,terrain_rolling_285,rolling,285,terrain_rolling_285_easy,terrain_rolling_285_medium,terrain_rolling_285_hard,maps/rolling/terrain_rolling_285_easy.json,maps/rolling/terrain_rolling_285_medium.json,maps/rolling/terrain_rolling_285_hard.json
train,terrain_rolling_286,rolling,286,terrain_rolling_286_easy,terrain_rolling_286_medium,terrain_rolling_286_hard,maps/rolling/terrain_rolling_286_easy.json,maps/rolling/terrain_rolling_286_medium.json,maps/rolling/terrain_rolling_286_hard.json
train,terrain_rolling_288,rolling,288,terrain_rolling_288_easy,terrain_rolling_288_medium,terrain_rolling_288_hard,maps/rolling/terrain_rolling_288_easy.json,maps/rolling/terrain_rolling_288_medium.json,maps/rolling/terrain_rolling_288_hard.json
train,terrain_rolling_290,rolling,290,terrain_rolling_290_easy,terrain_rolling_290_medium,terrain_rolling_290_hard,maps/rolling/terrain_rolling_290_easy.json,maps/rolling/terrain_rolling_290_medium.json,maps/rolling/terrain_rolling_290_hard.json
train,terrain_rolling_291,rolling,291,terrain_rolling_291_easy,terrain_rolling_291_medium,terrain_rolling_291_hard,maps/rolling/terrain_rolling_291_easy.json,maps/rolling/terrain_rolling_291_medium.json,maps/rolling/terrain_rolling_291_hard.json
train,terrain_rolling_292,rolling,292,terrain_rolling_292_easy,terrain_rolling_292_medium,terrain_rolling_292_hard,maps/rolling/terrain_rolling_292_easy.json,maps/rolling/terrain_rolling_292_medium.json,maps/rolling/terrain_rolling_292_hard.json
train,terrain_rolling_293,rolling,293,terrain_rolling_293_easy,terrain_rolling_293_medium,terrain_rolling_293_hard,maps/rolling/terrain_rolling_293_easy.json,maps/rolling/terrain_rolling_293_medium.json,maps/rolling/terrain_rolling_293_hard.json
train,terrain_rolling_294,rolling,294,terrain_rolling_294_easy,terrain_rolling_294_medium,terrain_rolling_294_hard,maps/rolling/terrain_rolling_294_easy.json,maps/rolling/terrain_rolling_294_medium.json,maps/rolling/terrain_rolling_294_hard.json
train,terrain_rolling_295,rolling,295,terrain_rolling_295_easy,terrain_rolling_295_medium,terrain_rolling_295_hard,maps/rolling/terrain_rolling_295_easy.json,maps/rolling/terrain_rolling_295_medium.json,maps/rolling/terrain_rolling_295_hard.json
train,terrain_rolling_296,rolling,296,terrain_rolling_296_easy,terrain_rolling_296_medium,terrain_rolling_296_hard,maps/rolling/terrain_rolling_296_easy.json,maps/rolling/terrain_rolling_296_medium.json,maps/rolling/terrain_rolling_296_hard.json
train,terrain_rolling_297,rolling,297,terrain_rolling_297_easy,terrain_rolling_297_medium,terrain_rolling_297_hard,maps/rolling/terrain_rolling_297_easy.json,maps/rolling/terrain_rolling_297_medium.json,maps/rolling/terrain_rolling_297_hard.json
train,terrain_rolling_298,rolling,298,terrain_rolling_298_easy,terrain_rolling_298_medium,terrain_rolling_298_hard,maps/rolling/terrain_rolling_298_easy.json,maps/rolling/terrain_rolling_298_medium.json,maps/rolling/terrain_rolling_298_hard.json
train,terrain_rolling_299,rolling,299,terrain_rolling_299_easy,terrain_rolling_299_medium,terrain_rolling_299_hard,maps/rolling/terrain_rolling_299_easy.json,maps/rolling/terrain_rolling_299_medium.json,maps/rolling/terrain_rolling_299_hard.json
train,terrain_rolling_300,rolling,300,terrain_rolling_300_easy,terrain_rolling_300_medium,terrain_rolling_300_hard,maps/rolling/terrain_rolling_300_easy.json,maps/rolling/terrain_rolling_300_medium.json,maps/rolling/terrain_rolling_300_hard.json
train,terrain_rolling_301,rolling,301,terrain_rolling_301_easy,terrain_rolling_301_medium,terrain_rolling_301_hard,maps/rolling/terrain_rolling_301_easy.json,maps/rolling/terrain_rolling_301_medium.json,maps/rolling/terrain_rolling_301_hard.json
train,terrain_rolling_302,rolling,302,terrain_rolling_302_easy,terrain_rolling_302_medium,terrain_rolling_302_hard,maps/rolling/terrain_rolling_302_easy.json,maps/rolling/terrain_rolling_302_medium.json,maps/rolling/terrain_rolling_302_hard.json
train,terrain_rolling_303,rolling,303,terrain_rolling_303_easy,terrain_rolling_303_medium,terrain_rolling_303_hard,maps/rolling/terrain_rolling_303_easy.json,maps/rolling/terrain_rolling_303_medium.json,maps/rolling/terrain_rolling_303_hard.json
train,terrain_rolling_304,rolling,304,terrain_rolling_304_easy,terrain_rolling_304_medium,terrain_rolling_304_hard,maps/rolling/terrain_rolling_304_easy.json,maps/rolling/terrain_rolling_304_medium.json,maps/rolling/terrain_rolling_304_hard.json
train,terrain_rolling_305,rolling,305,terrain_rolling_305_easy,terrain_rolling_305_medium,terrain_rolling_305_hard,maps/rolling/terrain_rolling_305_easy.json,maps/rolling/terrain_rolling_305_medium.json,maps/rolling/terrain_rolling_305_hard.json
train,terrain_rolling_308,rolling,308,terrain_rolling_308_easy,terrain_rolling_308_medium,terrain_rolling_308_hard,maps/rolling/terrain_rolling_308_easy.json,maps/rolling/terrain_rolling_308_medium.json,maps/rolling/terrain_rolling_308_hard.json
train,terrain_rolling_309,rolling,309,terrain_rolling_309_easy,terrain_rolling_309_medium,terrain_rolling_309_hard,maps/rolling/terrain_rolling_309_easy.json,maps/rolling/terrain_rolling_309_medium.json,maps/rolling/terrain_rolling_309_hard.json
train,terrain_rolling_310,rolling,310,terrain_rolling_310_easy,terrain_rolling_310_medium,terrain_rolling_310_hard,maps/rolling/terrain_rolling_310_easy.json,maps/rolling/terrain_rolling_310_medium.json,maps/rolling/terrain_rolling_310_hard.json
train,terrain_rolling_311,rolling,311,terrain_rolling_311_easy,terrain_rolling_311_medium,terrain_rolling_311_hard,maps/rolling/terrain_rolling_311_easy.json,maps/rolling/terrain_rolling_311_medium.json,maps/rolling/terrain_rolling_311_hard.json
train,terrain_rolling_312,rolling,312,terrain_rolling_312_easy,terrain_rolling_312_medium,terrain_rolling_312_hard,maps/rolling/terrain_rolling_312_easy.json,maps/rolling/terrain_rolling_312_medium.json,maps/rolling/terrain_rolling_312_hard.json
train,terrain_rolling_313,rolling,313,terrain_rolling_313_easy,terrain_rolling_313_medium,terrain_rolling_313_hard,maps/rolling/terrain_rolling_313_easy.json,maps/rolling/terrain_rolling_313_medium.json,maps/rolling/terrain_rolling_313_hard.json
train,terrain_rolling_316,rolling,316,terrain_rolling_316_easy,terrain_rolling_316_medium,terrain_rolling_316_hard,maps/rolling/terrain_rolling_316_easy.json,maps/rolling/terrain_rolling_316_medium.json,maps/rolling/terrain_rolling_316_hard.json
train,terrain_rolling_319,rolling,319,terrain_rolling_319_easy,terrain_rolling_319_medium,terrain_rolling_319_hard,maps/rolling/terrain_rolling_319_easy.json,maps/rolling/terrain_rolling_319_medium.json,maps/rolling/terrain_rolling_319_hard.json
train,terrain_rolling_322,rolling,322,terrain_rolling_322_easy,terrain_rolling_322_medium,terrain_rolling_322_hard,maps/rolling/terrain_rolling_322_easy.json,maps/rolling/terrain_rolling_322_medium.json,maps/rolling/terrain_rolling_322_hard.json
train,terrain_rolling_323,rolling,323,terrain_rolling_323_easy,terrain_rolling_323_medium,terrain_rolling_323_hard,maps/rolling/terrain_rolling_323_easy.json,maps/rolling/terrain_rolling_323_medium.json,maps/rolling/terrain_rolling_323_hard.json
train,terrain_rolling_324,rolling,324,terrain_rolling_324_easy,terrain_rolling_324_medium,terrain_rolling_324_hard,maps/rolling/terrain_rolling_324_easy.json,maps/rolling/terrain_rolling_324_medium.json,maps/rolling/terrain_rolling_324_hard.json
train,terrain_rolling_325,rolling,325,terrain_rolling_325_easy,terrain_rolling_325_medium,terrain_rolling_325_hard,maps/rolling/terrain_rolling_325_easy.json,maps/rolling/terrain_rolling_325_medium.json,maps/rolling/terrain_rolling_325_hard.json
train,terrain_rolling_326,rolling,326,terrain_rolling_326_easy,terrain_rolling_326_medium,terrain_rolling_326_hard,maps/rolling/terrain_rolling_326_easy.json,maps/rolling/terrain_rolling_326_medium.json,maps/rolling/terrain_rolling_326_hard.json
train,terrain_rolling_327,rolling,327,terrain_rolling_327_easy,terrain_rolling_327_medium,terrain_rolling_327_hard,maps/rolling/terrain_rolling_327_easy.json,maps/rolling/terrain_rolling_327_medium.json,maps/rolling/terrain_rolling_327_hard.json
train,terrain_rolling_328,rolling,328,terrain_rolling_328_easy,terrain_rolling_328_medium,terrain_rolling_328_hard,maps/rolling/terrain_rolling_328_easy.json,maps/rolling/terrain_rolling_328_medium.json,maps/rolling/terrain_rolling_328_hard.json
train,terrain_rolling_329,rolling,329,terrain_rolling_329_easy,terrain_rolling_329_medium,terrain_rolling_329_hard,maps/rolling/terrain_rolling_329_easy.json,maps/rolling/terrain_rolling_329_medium.json,maps/rolling/terrain_rolling_329_hard.json
train,terrain_rolling_330,rolling,330,terrain_rolling_330_easy,terrain_rolling_330_medium,terrain_rolling_330_hard,maps/rolling/terrain_rolling_330_easy.json,maps/rolling/terrain_rolling_330_medium.json,maps/rolling/terrain_rolling_330_hard.json
train,terrain_rolling_332,rolling,332,terrain_rolling_332_easy,terrain_rolling_332_medium,terrain_rolling_332_hard,maps/rolling/terrain_rolling_332_easy.json,maps/rolling/terrain_rolling_332_medium.json,maps/rolling/terrain_rolling_332_hard.json
train,terrain_rolling_333,rolling,333,terrain_rolling_333_easy,terrain_rolling_333_medium,terrain_rolling_333_hard,maps/rolling/terrain_rolling_333_easy.json,maps/rolling/terrain_rolling_333_medium.json,maps/rolling/terrain_rolling_333_hard.json
train,terrain_rolling_334,rolling,334,terrain_rolling_334_easy,terrain_rolling_334_medium,terrain_rolling_334_hard,maps/rolling/terrain_rolling_334_easy.json,maps/rolling/terrain_rolling_334_medium.json,maps/rolling/terrain_rolling_334_hard.json
train,terrain_mountain_002,mountain,2,terrain_mountain_002_easy,terrain_mountain_002_medium,terrain_mountain_002_hard,maps/mountain/terrain_mountain_002_easy.json,maps/mountain/terrain_mountain_002_medium.json,maps/mountain/terrain_mountain_002_hard.json
train,terrain_mountain_004,mountain,4,terrain_mountain_004_easy,terrain_mountain_004_medium,terrain_mountain_004_hard,maps/mountain/terrain_mountain_004_easy.json,maps/mountain/terrain_mountain_004_medium.json,maps/mountain/terrain_mountain_004_hard.json
train,terrain_mountain_005,mountain,5,terrain_mountain_005_easy,terrain_mountain_005_medium,terrain_mountain_005_hard,maps/mountain/terrain_mountain_005_easy.json,maps/mountain/terrain_mountain_005_medium.json,maps/mountain/terrain_mountain_005_hard.json
train,terrain_mountain_006,mountain,6,terrain_mountain_006_easy,terrain_mountain_006_medium,terrain_mountain_006_hard,maps/mountain/terrain_mountain_006_easy.json,maps/mountain/terrain_mountain_006_medium.json,maps/mountain/terrain_mountain_006_hard.json
train,terrain_mountain_007,mountain,7,terrain_mountain_007_easy,terrain_mountain_007_medium,terrain_mountain_007_hard,maps/mountain/terrain_mountain_007_easy.json,maps/mountain/terrain_mountain_007_medium.json,maps/mountain/terrain_mountain_007_hard.json
train,terrain_mountain_008,mountain,8,terrain_mountain_008_easy,terrain_mountain_008_medium,terrain_mountain_008_hard,maps/mountain/terrain_mountain_008_easy.json,maps/mountain/terrain_mountain_008_medium.json,maps/mountain/terrain_mountain_008_hard.json
train,terrain_mountain_010,mountain,10,terrain_mountain_010_easy,terrain_mountain_010_medium,terrain_mountain_010_hard,maps/mountain/terrain_mountain_010_easy.json,maps/mountain/terrain_mountain_010_medium.json,maps/mountain/terrain_mountain_010_hard.json
train,terrain_mountain_012,mountain,12,terrain_mountain_012_easy,terrain_mountain_012_medium,terrain_mountain_012_hard,maps/mountain/terrain_mountain_012_easy.json,maps/mountain/terrain_mountain_012_medium.json,maps/mountain/terrain_mountain_012_hard.json
train,terrain_mountain_013,mountain,13,terrain_mountain_013_easy,terrain_mountain_013_medium,terrain_mountain_013_hard,maps/mountain/terrain_mountain_013_easy.json,maps/mountain/terrain_mountain_013_medium.json,maps/mountain/terrain_mountain_013_hard.json
train,terrain_mountain_014,mountain,14,terrain_mountain_014_easy,terrain_mountain_014_medium,terrain_mountain_014_hard,maps/mountain/terrain_mountain_014_easy.json,maps/mountain/terrain_mountain_014_medium.json,maps/mountain/terrain_mountain_014_hard.json
train,terrain_mountain_015,mountain,15,terrain_mountain_015_easy,terrain_mountain_015_medium,terrain_mountain_015_hard,maps/mountain/terrain_mountain_015_easy.json,maps/mountain/terrain_mountain_015_medium.json,maps/mountain/terrain_mountain_015_hard.json
train,terrain_mountain_016,mountain,16,terrain_mountain_016_easy,terrain_mountain_016_medium,terrain_mountain_016_hard,maps/mountain/terrain_mountain_016_easy.json,maps/mountain/terrain_mountain_016_medium.json,maps/mountain/terrain_mountain_016_hard.json
train,terrain_mountain_017,mountain,17,terrain_mountain_017_easy,terrain_mountain_017_medium,terrain_mountain_017_hard,maps/mountain/terrain_mountain_017_easy.json,maps/mountain/terrain_mountain_017_medium.json,maps/mountain/terrain_mountain_017_hard.json
train,terrain_mountain_018,mountain,18,terrain_mountain_018_easy,terrain_mountain_018_medium,terrain_mountain_018_hard,maps/mountain/terrain_mountain_018_easy.json,maps/mountain/terrain_mountain_018_medium.json,maps/mountain/terrain_mountain_018_hard.json
train,terrain_mountain_019,mountain,19,terrain_mountain_019_easy,terrain_mountain_019_medium,terrain_mountain_019_hard,maps/mountain/terrain_mountain_019_easy.json,maps/mountain/terrain_mountain_019_medium.json,maps/mountain/terrain_mountain_019_hard.json
train,terrain_mountain_020,mountain,20,terrain_mountain_020_easy,terrain_mountain_020_medium,terrain_mountain_020_hard,maps/mountain/terrain_mountain_020_easy.json,maps/mountain/terrain_mountain_020_medium.json,maps/mountain/terrain_mountain_020_hard.json
train,terrain_mountain_021,mountain,21,terrain_mountain_021_easy,terrain_mountain_021_medium,terrain_mountain_021_hard,maps/mountain/terrain_mountain_021_easy.json,maps/mountain/terrain_mountain_021_medium.json,maps/mountain/terrain_mountain_021_hard.json
train,terrain_mountain_022,mountain,22,terrain_mountain_022_easy,terrain_mountain_022_medium,terrain_mountain_022_hard,maps/mountain/terrain_mountain_022_easy.json,maps/mountain/terrain_mountain_022_medium.json,maps/mountain/terrain_mountain_022_hard.json
train,terrain_mountain_023,mountain,23,terrain_mountain_023_easy,terrain_mountain_023_medium,terrain_mountain_023_hard,maps/mountain/terrain_mountain_023_easy.json,maps/mountain/terrain_mountain_023_medium.json,maps/mountain/terrain_mountain_023_hard.json
train,terrain_mountain_024,mountain,24,terrain_mountain_024_easy,terrain_mountain_024_medium,terrain_mountain_024_hard,maps/mountain/terrain_mountain_024_easy.json,maps/mountain/terrain_mountain_024_medium.json,maps/mountain/terrain_mountain_024_hard.json
train,terrain_mountain_026,mountain,26,terrain_mountain_026_easy,terrain_mountain_026_medium,terrain_mountain_026_hard,maps/mountain/terrain_mountain_026_easy.json,maps/mountain/terrain_mountain_026_medium.json,maps/mountain/terrain_mountain_026_hard.json
train,terrain_mountain_028,mountain,28,terrain_mountain_028_easy,terrain_mountain_028_medium,terrain_mountain_028_hard,maps/mountain/terrain_mountain_028_easy.json,maps/mountain/terrain_mountain_028_medium.json,maps/mountain/terrain_mountain_028_hard.json
train,terrain_mountain_030,mountain,30,terrain_mountain_030_easy,terrain_mountain_030_medium,terrain_mountain_030_hard,maps/mountain/terrain_mountain_030_easy.json,maps/mountain/terrain_mountain_030_medium.json,maps/mountain/terrain_mountain_030_hard.json
train,terrain_mountain_031,mountain,31,terrain_mountain_031_easy,terrain_mountain_031_medium,terrain_mountain_031_hard,maps/mountain/terrain_mountain_031_easy.json,maps/mountain/terrain_mountain_031_medium.json,maps/mountain/terrain_mountain_031_hard.json
train,terrain_mountain_032,mountain,32,terrain_mountain_032_easy,terrain_mountain_032_medium,terrain_mountain_032_hard,maps/mountain/terrain_mountain_032_easy.json,maps/mountain/terrain_mountain_032_medium.json,maps/mountain/terrain_mountain_032_hard.json
train,terrain_mountain_033,mountain,33,terrain_mountain_033_easy,terrain_mountain_033_medium,terrain_mountain_033_hard,maps/mountain/terrain_mountain_033_easy.json,maps/mountain/terrain_mountain_033_medium.json,maps/mountain/terrain_mountain_033_hard.json
train,terrain_mountain_034,mountain,34,terrain_mountain_034_easy,terrain_mountain_034_medium,terrain_mountain_034_hard,maps/mountain/terrain_mountain_034_easy.json,maps/mountain/terrain_mountain_034_medium.json,maps/mountain/terrain_mountain_034_hard.json
train,terrain_mountain_036,mountain,36,terrain_mountain_036_easy,terrain_mountain_036_medium,terrain_mountain_036_hard,maps/mountain/terrain_mountain_036_easy.json,maps/mountain/terrain_mountain_036_medium.json,maps/mountain/terrain_mountain_036_hard.json
train,terrain_mountain_037,mountain,37,terrain_mountain_037_easy,terrain_mountain_037_medium,terrain_mountain_037_hard,maps/mountain/terrain_mountain_037_easy.json,maps/mountain/terrain_mountain_037_medium.json,maps/mountain/terrain_mountain_037_hard.json
train,terrain_mountain_038,mountain,38,terrain_mountain_038_easy,terrain_mountain_038_medium,terrain_mountain_038_hard,maps/mountain/terrain_mountain_038_easy.json,maps/mountain/terrain_mountain_038_medium.json,maps/mountain/terrain_mountain_038_hard.json
train,terrain_mountain_040,mountain,40,terrain_mountain_040_easy,terrain_mountain_040_medium,terrain_mountain_040_hard,maps/mountain/terrain_mountain_040_easy.json,maps/mountain/terrain_mountain_040_medium.json,maps/mountain/terrain_mountain_040_hard.json
train,terrain_mountain_041,mountain,41,terrain_mountain_041_easy,terrain_mountain_041_medium,terrain_mountain_041_hard,maps/mountain/terrain_mountain_041_easy.json,maps/mountain/terrain_mountain_041_medium.json,maps/mountain/terrain_mountain_041_hard.json
train,terrain_mountain_042,mountain,42,terrain_mountain_042_easy,terrain_mountain_042_medium,terrain_mountain_042_hard,maps/mountain/terrain_mountain_042_easy.json,maps/mountain/terrain_mountain_042_medium.json,maps/mountain/terrain_mountain_042_hard.json
train,terrain_mountain_044,mountain,44,terrain_mountain_044_easy,terrain_mountain_044_medium,terrain_mountain_044_hard,maps/mountain/terrain_mountain_044_easy.json,maps/mountain/terrain_mountain_044_medium.json,maps/mountain/terrain_mountain_044_hard.json
train,terrain_mountain_045,mountain,45,terrain_mountain_045_easy,terrain_mountain_045_medium,terrain_mountain_045_hard,maps/mountain/terrain_mountain_045_easy.json,maps/mountain/terrain_mountain_045_medium.json,maps/mountain/terrain_mountain_045_hard.json
train,terrain_mountain_046,mountain,46,terrain_mountain_046_easy,terrain_mountain_046_medium,terrain_mountain_046_hard,maps/mountain/terrain_mountain_046_easy.json,maps/mountain/terrain_mountain_046_medium.json,maps/mountain/terrain_mountain_046_hard.json
train,terrain_mountain_047,mountain,47,terrain_mountain_047_easy,terrain_mountain_047_medium,terrain_mountain_047_hard,maps/mountain/terrain_mountain_047_easy.json,maps/mountain/terrain_mountain_047_medium.json,maps/mountain/terrain_mountain_047_hard.json
train,terrain_mountain_053,mountain,53,terrain_mountain_053_easy,terrain_mountain_053_medium,terrain_mountain_053_hard,maps/mountain/terrain_mountain_053_easy.json,maps/mountain/terrain_mountain_053_medium.json,maps/mountain/terrain_mountain_053_hard.json
train,terrain_mountain_054,mountain,54,terrain_mountain_054_easy,terrain_mountain_054_medium,terrain_mountain_054_hard,maps/mountain/terrain_mountain_054_easy.json,maps/mountain/terrain_mountain_054_medium.json,maps/mountain/terrain_mountain_054_hard.json
train,terrain_mountain_055,mountain,55,terrain_mountain_055_easy,terrain_mountain_055_medium,terrain_mountain_055_hard,maps/mountain/terrain_mountain_055_easy.json,maps/mountain/terrain_mountain_055_medium.json,maps/mountain/terrain_mountain_055_hard.json
train,terrain_mountain_056,mountain,56,terrain_mountain_056_easy,terrain_mountain_056_medium,terrain_mountain_056_hard,maps/mountain/terrain_mountain_056_easy.json,maps/mountain/terrain_mountain_056_medium.json,maps/mountain/terrain_mountain_056_hard.json
train,terrain_mountain_057,mountain,57,terrain_mountain_057_easy,terrain_mountain_057_medium,terrain_mountain_057_hard,maps/mountain/terrain_mountain_057_easy.json,maps/mountain/terrain_mountain_057_medium.json,maps/mountain/terrain_mountain_057_hard.json
train,terrain_mountain_058,mountain,58,terrain_mountain_058_easy,terrain_mountain_058_medium,terrain_mountain_058_hard,maps/mountain/terrain_mountain_058_easy.json,maps/mountain/terrain_mountain_058_medium.json,maps/mountain/terrain_mountain_058_hard.json
train,terrain_mountain_060,mountain,60,terrain_mountain_060_easy,terrain_mountain_060_medium,terrain_mountain_060_hard,maps/mountain/terrain_mountain_060_easy.json,maps/mountain/terrain_mountain_060_medium.json,maps/mountain/terrain_mountain_060_hard.json
train,terrain_mountain_061,mountain,61,terrain_mountain_061_easy,terrain_mountain_061_medium,terrain_mountain_061_hard,maps/mountain/terrain_mountain_061_easy.json,maps/mountain/terrain_mountain_061_medium.json,maps/mountain/terrain_mountain_061_hard.json
train,terrain_mountain_062,mountain,62,terrain_mountain_062_easy,terrain_mountain_062_medium,terrain_mountain_062_hard,maps/mountain/terrain_mountain_062_easy.json,maps/mountain/terrain_mountain_062_medium.json,maps/mountain/terrain_mountain_062_hard.json
train,terrain_mountain_063,mountain,63,terrain_mountain_063_easy,terrain_mountain_063_medium,terrain_mountain_063_hard,maps/mountain/terrain_mountain_063_easy.json,maps/mountain/terrain_mountain_063_medium.json,maps/mountain/terrain_mountain_063_hard.json
train,terrain_mountain_064,mountain,64,terrain_mountain_064_easy,terrain_mountain_064_medium,terrain_mountain_064_hard,maps/mountain/terrain_mountain_064_easy.json,maps/mountain/terrain_mountain_064_medium.json,maps/mountain/terrain_mountain_064_hard.json
train,terrain_mountain_065,mountain,65,terrain_mountain_065_easy,terrain_mountain_065_medium,terrain_mountain_065_hard,maps/mountain/terrain_mountain_065_easy.json,maps/mountain/terrain_mountain_065_medium.json,maps/mountain/terrain_mountain_065_hard.json
train,terrain_mountain_066,mountain,66,terrain_mountain_066_easy,terrain_mountain_066_medium,terrain_mountain_066_hard,maps/mountain/terrain_mountain_066_easy.json,maps/mountain/terrain_mountain_066_medium.json,maps/mountain/terrain_mountain_066_hard.json
train,terrain_mountain_068,mountain,68,terrain_mountain_068_easy,terrain_mountain_068_medium,terrain_mountain_068_hard,maps/mountain/terrain_mountain_068_easy.json,maps/mountain/terrain_mountain_068_medium.json,maps/mountain/terrain_mountain_068_hard.json
train,terrain_mountain_069,mountain,69,terrain_mountain_069_easy,terrain_mountain_069_medium,terrain_mountain_069_hard,maps/mountain/terrain_mountain_069_easy.json,maps/mountain/terrain_mountain_069_medium.json,maps/mountain/terrain_mountain_069_hard.json
train,terrain_mountain_070,mountain,70,terrain_mountain_070_easy,terrain_mountain_070_medium,terrain_mountain_070_hard,maps/mountain/terrain_mountain_070_easy.json,maps/mountain/terrain_mountain_070_medium.json,maps/mountain/terrain_mountain_070_hard.json
train,terrain_mountain_072,mountain,72,terrain_mountain_072_easy,terrain_mountain_072_medium,terrain_mountain_072_hard,maps/mountain/terrain_mountain_072_easy.json,maps/mountain/terrain_mountain_072_medium.json,maps/mountain/terrain_mountain_072_hard.json
train,terrain_mountain_073,mountain,73,terrain_mountain_073_easy,terrain_mountain_073_medium,terrain_mountain_073_hard,maps/mountain/terrain_mountain_073_easy.json,maps/mountain/terrain_mountain_073_medium.json,maps/mountain/terrain_mountain_073_hard.json
train,terrain_mountain_074,mountain,74,terrain_mountain_074_easy,terrain_mountain_074_medium,terrain_mountain_074_hard,maps/mountain/terrain_mountain_074_easy.json,maps/mountain/terrain_mountain_074_medium.json,maps/mountain/terrain_mountain_074_hard.json
train,terrain_mountain_075,mountain,75,terrain_mountain_075_easy,terrain_mountain_075_medium,terrain_mountain_075_hard,maps/mountain/terrain_mountain_075_easy.json,maps/mountain/terrain_mountain_075_medium.json,maps/mountain/terrain_mountain_075_hard.json
train,terrain_mountain_076,mountain,76,terrain_mountain_076_easy,terrain_mountain_076_medium,terrain_mountain_076_hard,maps/mountain/terrain_mountain_076_easy.json,maps/mountain/terrain_mountain_076_medium.json,maps/mountain/terrain_mountain_076_hard.json
train,terrain_mountain_078,mountain,78,terrain_mountain_078_easy,terrain_mountain_078_medium,terrain_mountain_078_hard,maps/mountain/terrain_mountain_078_easy.json,maps/mountain/terrain_mountain_078_medium.json,maps/mountain/terrain_mountain_078_hard.json
train,terrain_mountain_080,mountain,80,terrain_mountain_080_easy,terrain_mountain_080_medium,terrain_mountain_080_hard,maps/mountain/terrain_mountain_080_easy.json,maps/mountain/terrain_mountain_080_medium.json,maps/mountain/terrain_mountain_080_hard.json
train,terrain_mountain_081,mountain,81,terrain_mountain_081_easy,terrain_mountain_081_medium,terrain_mountain_081_hard,maps/mountain/terrain_mountain_081_easy.json,maps/mountain/terrain_mountain_081_medium.json,maps/mountain/terrain_mountain_081_hard.json
train,terrain_mountain_084,mountain,84,terrain_mountain_084_easy,terrain_mountain_084_medium,terrain_mountain_084_hard,maps/mountain/terrain_mountain_084_easy.json,maps/mountain/terrain_mountain_084_medium.json,maps/mountain/terrain_mountain_084_hard.json
train,terrain_mountain_085,mountain,85,terrain_mountain_085_easy,terrain_mountain_085_medium,terrain_mountain_085_hard,maps/mountain/terrain_mountain_085_easy.json,maps/mountain/terrain_mountain_085_medium.json,maps/mountain/terrain_mountain_085_hard.json
train,terrain_mountain_086,mountain,86,terrain_mountain_086_easy,terrain_mountain_086_medium,terrain_mountain_086_hard,maps/mountain/terrain_mountain_086_easy.json,maps/mountain/terrain_mountain_086_medium.json,maps/mountain/terrain_mountain_086_hard.json
train,terrain_mountain_087,mountain,87,terrain_mountain_087_easy,terrain_mountain_087_medium,terrain_mountain_087_hard,maps/mountain/terrain_mountain_087_easy.json,maps/mountain/terrain_mountain_087_medium.json,maps/mountain/terrain_mountain_087_hard.json
train,terrain_mountain_088,mountain,88,terrain_mountain_088_easy,terrain_mountain_088_medium,terrain_mountain_088_hard,maps/mountain/terrain_mountain_088_easy.json,maps/mountain/terrain_mountain_088_medium.json,maps/mountain/terrain_mountain_088_hard.json
train,terrain_mountain_089,mountain,89,terrain_mountain_089_easy,terrain_mountain_089_medium,terrain_mountain_089_hard,maps/mountain/terrain_mountain_089_easy.json,maps/mountain/terrain_mountain_089_medium.json,maps/mountain/terrain_mountain_089_hard.json
train,terrain_mountain_090,mountain,90,terrain_mountain_090_easy,terrain_mountain_090_medium,terrain_mountain_090_hard,maps/mountain/terrain_mountain_090_easy.json,maps/mountain/terrain_mountain_090_medium.json,maps/mountain/terrain_mountain_090_hard.json
train,terrain_mountain_091,mountain,91,terrain_mountain_091_easy,terrain_mountain_091_medium,terrain_mountain_091_hard,maps/mountain/terrain_mountain_091_easy.json,maps/mountain/terrain_mountain_091_medium.json,maps/mountain/terrain_mountain_091_hard.json
train,terrain_mountain_092,mountain,92,terrain_mountain_092_easy,terrain_mountain_092_medium,terrain_mountain_092_hard,maps/mountain/terrain_mountain_092_easy.json,maps/mountain/terrain_mountain_092_medium.json,maps/mountain/terrain_mountain_092_hard.json
train,terrain_mountain_093,mountain,93,terrain_mountain_093_easy,terrain_mountain_093_medium,terrain_mountain_093_hard,maps/mountain/terrain_mountain_093_easy.json,maps/mountain/terrain_mountain_093_medium.json,maps/mountain/terrain_mountain_093_hard.json
train,terrain_mountain_094,mountain,94,terrain_mountain_094_easy,terrain_mountain_094_medium,terrain_mountain_094_hard,maps/mountain/terrain_mountain_094_easy.json,maps/mountain/terrain_mountain_094_medium.json,maps/mountain/terrain_mountain_094_hard.json
train,terrain_mountain_095,mountain,95,terrain_mountain_095_easy,terrain_mountain_095_medium,terrain_mountain_095_hard,maps/mountain/terrain_mountain_095_easy.json,maps/mountain/terrain_mountain_095_medium.json,maps/mountain/terrain_mountain_095_hard.json
train,terrain_mountain_096,mountain,96,terrain_mountain_096_easy,terrain_mountain_096_medium,terrain_mountain_096_hard,maps/mountain/terrain_mountain_096_easy.json,maps/mountain/terrain_mountain_096_medium.json,maps/mountain/terrain_mountain_096_hard.json
train,terrain_mountain_097,mountain,97,terrain_mountain_097_easy,terrain_mountain_097_medium,terrain_mountain_097_hard,maps/mountain/terrain_mountain_097_easy.json,maps/mountain/terrain_mountain_097_medium.json,maps/mountain/terrain_mountain_097_hard.json
train,terrain_mountain_098,mountain,98,terrain_mountain_098_easy,terrain_mountain_098_medium,terrain_mountain_098_hard,maps/mountain/terrain_mountain_098_easy.json,maps/mountain/terrain_mountain_098_medium.json,maps/mountain/terrain_mountain_098_hard.json
train,terrain_mountain_100,mountain,100,terrain_mountain_100_easy,terrain_mountain_100_medium,terrain_mountain_100_hard,maps/mountain/terrain_mountain_100_easy.json,maps/mountain/terrain_mountain_100_medium.json,maps/mountain/terrain_mountain_100_hard.json
train,terrain_mountain_101,mountain,101,terrain_mountain_101_easy,terrain_mountain_101_medium,terrain_mountain_101_hard,maps/mountain/terrain_mountain_101_easy.json,maps/mountain/terrain_mountain_101_medium.json,maps/mountain/terrain_mountain_101_hard.json
train,terrain_mountain_102,mountain,102,terrain_mountain_102_easy,terrain_mountain_102_medium,terrain_mountain_102_hard,maps/mountain/terrain_mountain_102_easy.json,maps/mountain/terrain_mountain_102_medium.json,maps/mountain/terrain_mountain_102_hard.json
train,terrain_mountain_104,mountain,104,terrain_mountain_104_easy,terrain_mountain_104_medium,terrain_mountain_104_hard,maps/mountain/terrain_mountain_104_easy.json,maps/mountain/terrain_mountain_104_medium.json,maps/mountain/terrain_mountain_104_hard.json
train,terrain_mountain_105,mountain,105,terrain_mountain_105_easy,terrain_mountain_105_medium,terrain_mountain_105_hard,maps/mountain/terrain_mountain_105_easy.json,maps/mountain/terrain_mountain_105_medium.json,maps/mountain/terrain_mountain_105_hard.json
train,terrain_mountain_106,mountain,106,terrain_mountain_106_easy,terrain_mountain_106_medium,terrain_mountain_106_hard,maps/mountain/terrain_mountain_106_easy.json,maps/mountain/terrain_mountain_106_medium.json,maps/mountain/terrain_mountain_106_hard.json
train,terrain_mountain_107,mountain,107,terrain_mountain_107_easy,terrain_mountain_107_medium,terrain_mountain_107_hard,maps/mountain/terrain_mountain_107_easy.json,maps/mountain/terrain_mountain_107_medium.json,maps/mountain/terrain_mountain_107_hard.json
train,terrain_mountain_109,mountain,109,terrain_mountain_109_easy,terrain_mountain_109_medium,terrain_mountain_109_hard,maps/mountain/terrain_mountain_109_easy.json,maps/mountain/terrain_mountain_109_medium.json,maps/mountain/terrain_mountain_109_hard.json
train,terrain_mountain_110,mountain,110,terrain_mountain_110_easy,terrain_mountain_110_medium,terrain_mountain_110_hard,maps/mountain/terrain_mountain_110_easy.json,maps/mountain/terrain_mountain_110_medium.json,maps/mountain/terrain_mountain_110_hard.json
train,terrain_mountain_112,mountain,112,terrain_mountain_112_easy,terrain_mountain_112_medium,terrain_mountain_112_hard,maps/mountain/terrain_mountain_112_easy.json,maps/mountain/terrain_mountain_112_medium.json,maps/mountain/terrain_mountain_112_hard.json
train,terrain_mountain_113,mountain,113,terrain_mountain_113_easy,terrain_mountain_113_medium,terrain_mountain_113_hard,maps/mountain/terrain_mountain_113_easy.json,maps/mountain/terrain_mountain_113_medium.json,maps/mountain/terrain_mountain_113_hard.json
train,terrain_mountain_114,mountain,114,terrain_mountain_114_easy,terrain_mountain_114_medium,terrain_mountain_114_hard,maps/mountain/terrain_mountain_114_easy.json,maps/mountain/terrain_mountain_114_medium.json,maps/mountain/terrain_mountain_114_hard.json
train,terrain_mountain_115,mountain,115,terrain_mountain_115_easy,terrain_mountain_115_medium,terrain_mountain_115_hard,maps/mountain/terrain_mountain_115_easy.json,maps/mountain/terrain_mountain_115_medium.json,maps/mountain/terrain_mountain_115_hard.json
train,terrain_mountain_117,mountain,117,terrain_mountain_117_easy,terrain_mountain_117_medium,terrain_mountain_117_hard,maps/mountain/terrain_mountain_117_easy.json,maps/mountain/terrain_mountain_117_medium.json,maps/mountain/terrain_mountain_117_hard.json
train,terrain_mountain_118,mountain,118,terrain_mountain_118_easy,terrain_mountain_118_medium,terrain_mountain_118_hard,maps/mountain/terrain_mountain_118_easy.json,maps/mountain/terrain_mountain_118_medium.json,maps/mountain/terrain_mountain_118_hard.json
train,terrain_mountain_119,mountain,119,terrain_mountain_119_easy,terrain_mountain_119_medium,terrain_mountain_119_hard,maps/mountain/terrain_mountain_119_easy.json,maps/mountain/terrain_mountain_119_medium.json,maps/mountain/terrain_mountain_119_hard.json
train,terrain_mountain_120,mountain,120,terrain_mountain_120_easy,terrain_mountain_120_medium,terrain_mountain_120_hard,maps/mountain/terrain_mountain_120_easy.json,maps/mountain/terrain_mountain_120_medium.json,maps/mountain/terrain_mountain_120_hard.json
train,terrain_mountain_122,mountain,122,terrain_mountain_122_easy,terrain_mountain_122_medium,terrain_mountain_122_hard,maps/mountain/terrain_mountain_122_easy.json,maps/mountain/terrain_mountain_122_medium.json,maps/mountain/terrain_mountain_122_hard.json
train,terrain_mountain_123,mountain,123,terrain_mountain_123_easy,terrain_mountain_123_medium,terrain_mountain_123_hard,maps/mountain/terrain_mountain_123_easy.json,maps/mountain/terrain_mountain_123_medium.json,maps/mountain/terrain_mountain_123_hard.json
train,terrain_mountain_125,mountain,125,terrain_mountain_125_easy,terrain_mountain_125_medium,terrain_mountain_125_hard,maps/mountain/terrain_mountain_125_easy.json,maps/mountain/terrain_mountain_125_medium.json,maps/mountain/terrain_mountain_125_hard.json
train,terrain_mountain_129,mountain,129,terrain_mountain_129_easy,terrain_mountain_129_medium,terrain_mountain_129_hard,maps/mountain/terrain_mountain_129_easy.json,maps/mountain/terrain_mountain_129_medium.json,maps/mountain/terrain_mountain_129_hard.json
train,terrain_mountain_130,mountain,130,terrain_mountain_130_easy,terrain_mountain_130_medium,terrain_mountain_130_hard,maps/mountain/terrain_mountain_130_easy.json,maps/mountain/terrain_mountain_130_medium.json,maps/mountain/terrain_mountain_130_hard.json
train,terrain_mountain_131,mountain,131,terrain_mountain_131_easy,terrain_mountain_131_medium,terrain_mountain_131_hard,maps/mountain/terrain_mountain_131_easy.json,maps/mountain/terrain_mountain_131_medium.json,maps/mountain/terrain_mountain_131_hard.json
train,terrain_mountain_132,mountain,132,terrain_mountain_132_easy,terrain_mountain_132_medium,terrain_mountain_132_hard,maps/mountain/terrain_mountain_132_easy.json,maps/mountain/terrain_mountain_132_medium.json,maps/mountain/terrain_mountain_132_hard.json
train,terrain_mountain_134,mountain,134,terrain_mountain_134_easy,terrain_mountain_134_medium,terrain_mountain_134_hard,maps/mountain/terrain_mountain_134_easy.json,maps/mountain/terrain_mountain_134_medium.json,maps/mountain/terrain_mountain_134_hard.json
train,terrain_mountain_135,mountain,135,terrain_mountain_135_easy,terrain_mountain_135_medium,terrain_mountain_135_hard,maps/mountain/terrain_mountain_135_easy.json,maps/mountain/terrain_mountain_135_medium.json,maps/mountain/terrain_mountain_135_hard.json
train,terrain_mountain_136,mountain,136,terrain_mountain_136_easy,terrain_mountain_136_medium,terrain_mountain_136_hard,maps/mountain/terrain_mountain_136_easy.json,maps/mountain/terrain_mountain_136_medium.json,maps/mountain/terrain_mountain_136_hard.json
train,terrain_mountain_137,mountain,137,terrain_mountain_137_easy,terrain_mountain_137_medium,terrain_mountain_137_hard,maps/mountain/terrain_mountain_137_easy.json,maps/mountain/terrain_mountain_137_medium.json,maps/mountain/terrain_mountain_137_hard.json
train,terrain_mountain_138,mountain,138,terrain_mountain_138_easy,terrain_mountain_138_medium,terrain_mountain_138_hard,maps/mountain/terrain_mountain_138_easy.json,maps/mountain/terrain_mountain_138_medium.json,maps/mountain/terrain_mountain_138_hard.json
train,terrain_mountain_139,mountain,139,terrain_mountain_139_easy,terrain_mountain_139_medium,terrain_mountain_139_hard,maps/mountain/terrain_mountain_139_easy.json,maps/mountain/terrain_mountain_139_medium.json,maps/mountain/terrain_mountain_139_hard.json
train,terrain_mountain_140,mountain,140,terrain_mountain_140_easy,terrain_mountain_140_medium,terrain_mountain_140_hard,maps/mountain/terrain_mountain_140_easy.json,maps/mountain/terrain_mountain_140_medium.json,maps/mountain/terrain_mountain_140_hard.json
train,terrain_mountain_144,mountain,144,terrain_mountain_144_easy,terrain_mountain_144_medium,terrain_mountain_144_hard,maps/mountain/terrain_mountain_144_easy.json,maps/mountain/terrain_mountain_144_medium.json,maps/mountain/terrain_mountain_144_hard.json
train,terrain_mountain_146,mountain,146,terrain_mountain_146_easy,terrain_mountain_146_medium,terrain_mountain_146_hard,maps/mountain/terrain_mountain_146_easy.json,maps/mountain/terrain_mountain_146_medium.json,maps/mountain/terrain_mountain_146_hard.json
train,terrain_mountain_148,mountain,148,terrain_mountain_148_easy,terrain_mountain_148_medium,terrain_mountain_148_hard,maps/mountain/terrain_mountain_148_easy.json,maps/mountain/terrain_mountain_148_medium.json,maps/mountain/terrain_mountain_148_hard.json
train,terrain_mountain_149,mountain,149,terrain_mountain_149_easy,terrain_mountain_149_medium,terrain_mountain_149_hard,maps/mountain/terrain_mountain_149_easy.json,maps/mountain/terrain_mountain_149_medium.json,maps/mountain/terrain_mountain_149_hard.json
train,terrain_mountain_150,mountain,150,terrain_mountain_150_easy,terrain_mountain_150_medium,terrain_mountain_150_hard,maps/mountain/terrain_mountain_150_easy.json,maps/mountain/terrain_mountain_150_medium.json,maps/mountain/terrain_mountain_150_hard.json
train,terrain_mountain_151,mountain,151,terrain_mountain_151_easy,terrain_mountain_151_medium,terrain_mountain_151_hard,maps/mountain/terrain_mountain_151_easy.json,maps/mountain/terrain_mountain_151_medium.json,maps/mountain/terrain_mountain_151_hard.json
train,terrain_mountain_154,mountain,154,terrain_mountain_154_easy,terrain_mountain_154_medium,terrain_mountain_154_hard,maps/mountain/terrain_mountain_154_easy.json,maps/mountain/terrain_mountain_154_medium.json,maps/mountain/terrain_mountain_154_hard.json
train,terrain_mountain_156,mountain,156,terrain_mountain_156_easy,terrain_mountain_156_medium,terrain_mountain_156_hard,maps/mountain/terrain_mountain_156_easy.json,maps/mountain/terrain_mountain_156_medium.json,maps/mountain/terrain_mountain_156_hard.json
train,terrain_mountain_157,mountain,157,terrain_mountain_157_easy,terrain_mountain_157_medium,terrain_mountain_157_hard,maps/mountain/terrain_mountain_157_easy.json,maps/mountain/terrain_mountain_157_medium.json,maps/mountain/terrain_mountain_157_hard.json
train,terrain_mountain_158,mountain,158,terrain_mountain_158_easy,terrain_mountain_158_medium,terrain_mountain_158_hard,maps/mountain/terrain_mountain_158_easy.json,maps/mountain/terrain_mountain_158_medium.json,maps/mountain/terrain_mountain_158_hard.json
train,terrain_mountain_159,mountain,159,terrain_mountain_159_easy,terrain_mountain_159_medium,terrain_mountain_159_hard,maps/mountain/terrain_mountain_159_easy.json,maps/mountain/terrain_mountain_159_medium.json,maps/mountain/terrain_mountain_159_hard.json
train,terrain_mountain_160,mountain,160,terrain_mountain_160_easy,terrain_mountain_160_medium,terrain_mountain_160_hard,maps/mountain/terrain_mountain_160_easy.json,maps/mountain/terrain_mountain_160_medium.json,maps/mountain/terrain_mountain_160_hard.json
train,terrain_mountain_161,mountain,161,terrain_mountain_161_easy,terrain_mountain_161_medium,terrain_mountain_161_hard,maps/mountain/terrain_mountain_161_easy.json,maps/mountain/terrain_mountain_161_medium.json,maps/mountain/terrain_mountain_161_hard.json
train,terrain_mountain_162,mountain,162,terrain_mountain_162_easy,terrain_mountain_162_medium,terrain_mountain_162_hard,maps/mountain/terrain_mountain_162_easy.json,maps/mountain/terrain_mountain_162_medium.json,maps/mountain/terrain_mountain_162_hard.json
train,terrain_mountain_164,mountain,164,terrain_mountain_164_easy,terrain_mountain_164_medium,terrain_mountain_164_hard,maps/mountain/terrain_mountain_164_easy.json,maps/mountain/terrain_mountain_164_medium.json,maps/mountain/terrain_mountain_164_hard.json
train,terrain_mountain_165,mountain,165,terrain_mountain_165_easy,terrain_mountain_165_medium,terrain_mountain_165_hard,maps/mountain/terrain_mountain_165_easy.json,maps/mountain/terrain_mountain_165_medium.json,maps/mountain/terrain_mountain_165_hard.json
train,terrain_mountain_166,mountain,166,terrain_mountain_166_easy,terrain_mountain_166_medium,terrain_mountain_166_hard,maps/mountain/terrain_mountain_166_easy.json,maps/mountain/terrain_mountain_166_medium.json,maps/mountain/terrain_mountain_166_hard.json
train,terrain_mountain_167,mountain,167,terrain_mountain_167_easy,terrain_mountain_167_medium,terrain_mountain_167_hard,maps/mountain/terrain_mountain_167_easy.json,maps/mountain/terrain_mountain_167_medium.json,maps/mountain/terrain_mountain_167_hard.json
train,terrain_mountain_168,mountain,168,terrain_mountain_168_easy,terrain_mountain_168_medium,terrain_mountain_168_hard,maps/mountain/terrain_mountain_168_easy.json,maps/mountain/terrain_mountain_168_medium.json,maps/mountain/terrain_mountain_168_hard.json
train,terrain_mountain_169,mountain,169,terrain_mountain_169_easy,terrain_mountain_169_medium,terrain_mountain_169_hard,maps/mountain/terrain_mountain_169_easy.json,maps/mountain/terrain_mountain_169_medium.json,maps/mountain/terrain_mountain_169_hard.json
train,terrain_mountain_172,mountain,172,terrain_mountain_172_easy,terrain_mountain_172_medium,terrain_mountain_172_hard,maps/mountain/terrain_mountain_172_easy.json,maps/mountain/terrain_mountain_172_medium.json,maps/mountain/terrain_mountain_172_hard.json
train,terrain_mountain_175,mountain,175,terrain_mountain_175_easy,terrain_mountain_175_medium,terrain_mountain_175_hard,maps/mountain/terrain_mountain_175_easy.json,maps/mountain/terrain_mountain_175_medium.json,maps/mountain/terrain_mountain_175_hard.json
train,terrain_mountain_179,mountain,179,terrain_mountain_179_easy,terrain_mountain_179_medium,terrain_mountain_179_hard,maps/mountain/terrain_mountain_179_easy.json,maps/mountain/terrain_mountain_179_medium.json,maps/mountain/terrain_mountain_179_hard.json
train,terrain_mountain_182,mountain,182,terrain_mountain_182_easy,terrain_mountain_182_medium,terrain_mountain_182_hard,maps/mountain/terrain_mountain_182_easy.json,maps/mountain/terrain_mountain_182_medium.json,maps/mountain/terrain_mountain_182_hard.json
train,terrain_mountain_183,mountain,183,terrain_mountain_183_easy,terrain_mountain_183_medium,terrain_mountain_183_hard,maps/mountain/terrain_mountain_183_easy.json,maps/mountain/terrain_mountain_183_medium.json,maps/mountain/terrain_mountain_183_hard.json
train,terrain_mountain_185,mountain,185,terrain_mountain_185_easy,terrain_mountain_185_medium,terrain_mountain_185_hard,maps/mountain/terrain_mountain_185_easy.json,maps/mountain/terrain_mountain_185_medium.json,maps/mountain/terrain_mountain_185_hard.json
train,terrain_mountain_187,mountain,187,terrain_mountain_187_easy,terrain_mountain_187_medium,terrain_mountain_187_hard,maps/mountain/terrain_mountain_187_easy.json,maps/mountain/terrain_mountain_187_medium.json,maps/mountain/terrain_mountain_187_hard.json
train,terrain_mountain_188,mountain,188,terrain_mountain_188_easy,terrain_mountain_188_medium,terrain_mountain_188_hard,maps/mountain/terrain_mountain_188_easy.json,maps/mountain/terrain_mountain_188_medium.json,maps/mountain/terrain_mountain_188_hard.json
train,terrain_mountain_189,mountain,189,terrain_mountain_189_easy,terrain_mountain_189_medium,terrain_mountain_189_hard,maps/mountain/terrain_mountain_189_easy.json,maps/mountain/terrain_mountain_189_medium.json,maps/mountain/terrain_mountain_189_hard.json
train,terrain_mountain_190,mountain,190,terrain_mountain_190_easy,terrain_mountain_190_medium,terrain_mountain_190_hard,maps/mountain/terrain_mountain_190_easy.json,maps/mountain/terrain_mountain_190_medium.json,maps/mountain/terrain_mountain_190_hard.json
train,terrain_mountain_192,mountain,192,terrain_mountain_192_easy,terrain_mountain_192_medium,terrain_mountain_192_hard,maps/mountain/terrain_mountain_192_easy.json,maps/mountain/terrain_mountain_192_medium.json,maps/mountain/terrain_mountain_192_hard.json
train,terrain_mountain_193,mountain,193,terrain_mountain_193_easy,terrain_mountain_193_medium,terrain_mountain_193_hard,maps/mountain/terrain_mountain_193_easy.json,maps/mountain/terrain_mountain_193_medium.json,maps/mountain/terrain_mountain_193_hard.json
train,terrain_mountain_194,mountain,194,terrain_mountain_194_easy,terrain_mountain_194_medium,terrain_mountain_194_hard,maps/mountain/terrain_mountain_194_easy.json,maps/mountain/terrain_mountain_194_medium.json,maps/mountain/terrain_mountain_194_hard.json
train,terrain_mountain_195,mountain,195,terrain_mountain_195_easy,terrain_mountain_195_medium,terrain_mountain_195_hard,maps/mountain/terrain_mountain_195_easy.json,maps/mountain/terrain_mountain_195_medium.json,maps/mountain/terrain_mountain_195_hard.json
train,terrain_mountain_196,mountain,196,terrain_mountain_196_easy,terrain_mountain_196_medium,terrain_mountain_196_hard,maps/mountain/terrain_mountain_196_easy.json,maps/mountain/terrain_mountain_196_medium.json,maps/mountain/terrain_mountain_196_hard.json
train,terrain_mountain_197,mountain,197,terrain_mountain_197_easy,terrain_mountain_197_medium,terrain_mountain_197_hard,maps/mountain/terrain_mountain_197_easy.json,maps/mountain/terrain_mountain_197_medium.json,maps/mountain/terrain_mountain_197_hard.json
train,terrain_mountain_198,mountain,198,terrain_mountain_198_easy,terrain_mountain_198_medium,terrain_mountain_198_hard,maps/mountain/terrain_mountain_198_easy.json,maps/mountain/terrain_mountain_198_medium.json,maps/mountain/terrain_mountain_198_hard.json
train,terrain_mountain_200,mountain,200,terrain_mountain_200_easy,terrain_mountain_200_medium,terrain_mountain_200_hard,maps/mountain/terrain_mountain_200_easy.json,maps/mountain/terrain_mountain_200_medium.json,maps/mountain/terrain_mountain_200_hard.json
train,terrain_mountain_201,mountain,201,terrain_mountain_201_easy,terrain_mountain_201_medium,terrain_mountain_201_hard,maps/mountain/terrain_mountain_201_easy.json,maps/mountain/terrain_mountain_201_medium.json,maps/mountain/terrain_mountain_201_hard.json
train,terrain_mountain_202,mountain,202,terrain_mountain_202_easy,terrain_mountain_202_medium,terrain_mountain_202_hard,maps/mountain/terrain_mountain_202_easy.json,maps/mountain/terrain_mountain_202_medium.json,maps/mountain/terrain_mountain_202_hard.json
train,terrain_mountain_203,mountain,203,terrain_mountain_203_easy,terrain_mountain_203_medium,terrain_mountain_203_hard,maps/mountain/terrain_mountain_203_easy.json,maps/mountain/terrain_mountain_203_medium.json,maps/mountain/terrain_mountain_203_hard.json
train,terrain_mountain_204,mountain,204,terrain_mountain_204_easy,terrain_mountain_204_medium,terrain_mountain_204_hard,maps/mountain/terrain_mountain_204_easy.json,maps/mountain/terrain_mountain_204_medium.json,maps/mountain/terrain_mountain_204_hard.json
train,terrain_mountain_206,mountain,206,terrain_mountain_206_easy,terrain_mountain_206_medium,terrain_mountain_206_hard,maps/mountain/terrain_mountain_206_easy.json,maps/mountain/terrain_mountain_206_medium.json,maps/mountain/terrain_mountain_206_hard.json
train,terrain_mountain_207,mountain,207,terrain_mountain_207_easy,terrain_mountain_207_medium,terrain_mountain_207_hard,maps/mountain/terrain_mountain_207_easy.json,maps/mountain/terrain_mountain_207_medium.json,maps/mountain/terrain_mountain_207_hard.json
train,terrain_mountain_208,mountain,208,terrain_mountain_208_easy,terrain_mountain_208_medium,terrain_mountain_208_hard,maps/mountain/terrain_mountain_208_easy.json,maps/mountain/terrain_mountain_208_medium.json,maps/mountain/terrain_mountain_208_hard.json
train,terrain_mountain_211,mountain,211,terrain_mountain_211_easy,terrain_mountain_211_medium,terrain_mountain_211_hard,maps/mountain/terrain_mountain_211_easy.json,maps/mountain/terrain_mountain_211_medium.json,maps/mountain/terrain_mountain_211_hard.json
train,terrain_mountain_213,mountain,213,terrain_mountain_213_easy,terrain_mountain_213_medium,terrain_mountain_213_hard,maps/mountain/terrain_mountain_213_easy.json,maps/mountain/terrain_mountain_213_medium.json,maps/mountain/terrain_mountain_213_hard.json
train,terrain_mountain_214,mountain,214,terrain_mountain_214_easy,terrain_mountain_214_medium,terrain_mountain_214_hard,maps/mountain/terrain_mountain_214_easy.json,maps/mountain/terrain_mountain_214_medium.json,maps/mountain/terrain_mountain_214_hard.json
train,terrain_mountain_215,mountain,215,terrain_mountain_215_easy,terrain_mountain_215_medium,terrain_mountain_215_hard,maps/mountain/terrain_mountain_215_easy.json,maps/mountain/terrain_mountain_215_medium.json,maps/mountain/terrain_mountain_215_hard.json
train,terrain_mountain_217,mountain,217,terrain_mountain_217_easy,terrain_mountain_217_medium,terrain_mountain_217_hard,maps/mountain/terrain_mountain_217_easy.json,maps/mountain/terrain_mountain_217_medium.json,maps/mountain/terrain_mountain_217_hard.json
train,terrain_mountain_218,mountain,218,terrain_mountain_218_easy,terrain_mountain_218_medium,terrain_mountain_218_hard,maps/mountain/terrain_mountain_218_easy.json,maps/mountain/terrain_mountain_218_medium.json,maps/mountain/terrain_mountain_218_hard.json
train,terrain_mountain_219,mountain,219,terrain_mountain_219_easy,terrain_mountain_219_medium,terrain_mountain_219_hard,maps/mountain/terrain_mountain_219_easy.json,maps/mountain/terrain_mountain_219_medium.json,maps/mountain/terrain_mountain_219_hard.json
train,terrain_mountain_221,mountain,221,terrain_mountain_221_easy,terrain_mountain_221_medium,terrain_mountain_221_hard,maps/mountain/terrain_mountain_221_easy.json,maps/mountain/terrain_mountain_221_medium.json,maps/mountain/terrain_mountain_221_hard.json
train,terrain_mountain_223,mountain,223,terrain_mountain_223_easy,terrain_mountain_223_medium,terrain_mountain_223_hard,maps/mountain/terrain_mountain_223_easy.json,maps/mountain/terrain_mountain_223_medium.json,maps/mountain/terrain_mountain_223_hard.json
train,terrain_mountain_226,mountain,226,terrain_mountain_226_easy,terrain_mountain_226_medium,terrain_mountain_226_hard,maps/mountain/terrain_mountain_226_easy.json,maps/mountain/terrain_mountain_226_medium.json,maps/mountain/terrain_mountain_226_hard.json
train,terrain_mountain_227,mountain,227,terrain_mountain_227_easy,terrain_mountain_227_medium,terrain_mountain_227_hard,maps/mountain/terrain_mountain_227_easy.json,maps/mountain/terrain_mountain_227_medium.json,maps/mountain/terrain_mountain_227_hard.json
train,terrain_mountain_228,mountain,228,terrain_mountain_228_easy,terrain_mountain_228_medium,terrain_mountain_228_hard,maps/mountain/terrain_mountain_228_easy.json,maps/mountain/terrain_mountain_228_medium.json,maps/mountain/terrain_mountain_228_hard.json
train,terrain_mountain_230,mountain,230,terrain_mountain_230_easy,terrain_mountain_230_medium,terrain_mountain_230_hard,maps/mountain/terrain_mountain_230_easy.json,maps/mountain/terrain_mountain_230_medium.json,maps/mountain/terrain_mountain_230_hard.json
train,terrain_mountain_231,mountain,231,terrain_mountain_231_easy,terrain_mountain_231_medium,terrain_mountain_231_hard,maps/mountain/terrain_mountain_231_easy.json,maps/mountain/terrain_mountain_231_medium.json,maps/mountain/terrain_mountain_231_hard.json
train,terrain_mountain_232,mountain,232,terrain_mountain_232_easy,terrain_mountain_232_medium,terrain_mountain_232_hard,maps/mountain/terrain_mountain_232_easy.json,maps/mountain/terrain_mountain_232_medium.json,maps/mountain/terrain_mountain_232_hard.json
train,terrain_mountain_234,mountain,234,terrain_mountain_234_easy,terrain_mountain_234_medium,terrain_mountain_234_hard,maps/mountain/terrain_mountain_234_easy.json,maps/mountain/terrain_mountain_234_medium.json,maps/mountain/terrain_mountain_234_hard.json
train,terrain_mountain_236,mountain,236,terrain_mountain_236_easy,terrain_mountain_236_medium,terrain_mountain_236_hard,maps/mountain/terrain_mountain_236_easy.json,maps/mountain/terrain_mountain_236_medium.json,maps/mountain/terrain_mountain_236_hard.json
train,terrain_mountain_238,mountain,238,terrain_mountain_238_easy,terrain_mountain_238_medium,terrain_mountain_238_hard,maps/mountain/terrain_mountain_238_easy.json,maps/mountain/terrain_mountain_238_medium.json,maps/mountain/terrain_mountain_238_hard.json
train,terrain_mountain_240,mountain,240,terrain_mountain_240_easy,terrain_mountain_240_medium,terrain_mountain_240_hard,maps/mountain/terrain_mountain_240_easy.json,maps/mountain/terrain_mountain_240_medium.json,maps/mountain/terrain_mountain_240_hard.json
train,terrain_mountain_241,mountain,241,terrain_mountain_241_easy,terrain_mountain_241_medium,terrain_mountain_241_hard,maps/mountain/terrain_mountain_241_easy.json,maps/mountain/terrain_mountain_241_medium.json,maps/mountain/terrain_mountain_241_hard.json
train,terrain_mountain_242,mountain,242,terrain_mountain_242_easy,terrain_mountain_242_medium,terrain_mountain_242_hard,maps/mountain/terrain_mountain_242_easy.json,maps/mountain/terrain_mountain_242_medium.json,maps/mountain/terrain_mountain_242_hard.json
train,terrain_mountain_244,mountain,244,terrain_mountain_244_easy,terrain_mountain_244_medium,terrain_mountain_244_hard,maps/mountain/terrain_mountain_244_easy.json,maps/mountain/terrain_mountain_244_medium.json,maps/mountain/terrain_mountain_244_hard.json
train,terrain_mountain_245,mountain,245,terrain_mountain_245_easy,terrain_mountain_245_medium,terrain_mountain_245_hard,maps/mountain/terrain_mountain_245_easy.json,maps/mountain/terrain_mountain_245_medium.json,maps/mountain/terrain_mountain_245_hard.json
train,terrain_mountain_246,mountain,246,terrain_mountain_246_easy,terrain_mountain_246_medium,terrain_mountain_246_hard,maps/mountain/terrain_mountain_246_easy.json,maps/mountain/terrain_mountain_246_medium.json,maps/mountain/terrain_mountain_246_hard.json
train,terrain_mountain_247,mountain,247,terrain_mountain_247_easy,terrain_mountain_247_medium,terrain_mountain_247_hard,maps/mountain/terrain_mountain_247_easy.json,maps/mountain/terrain_mountain_247_medium.json,maps/mountain/terrain_mountain_247_hard.json
train,terrain_mountain_248,mountain,248,terrain_mountain_248_easy,terrain_mountain_248_medium,terrain_mountain_248_hard,maps/mountain/terrain_mountain_248_easy.json,maps/mountain/terrain_mountain_248_medium.json,maps/mountain/terrain_mountain_248_hard.json
train,terrain_mountain_250,mountain,250,terrain_mountain_250_easy,terrain_mountain_250_medium,terrain_mountain_250_hard,maps/mountain/terrain_mountain_250_easy.json,maps/mountain/terrain_mountain_250_medium.json,maps/mountain/terrain_mountain_250_hard.json
train,terrain_mountain_253,mountain,253,terrain_mountain_253_easy,terrain_mountain_253_medium,terrain_mountain_253_hard,maps/mountain/terrain_mountain_253_easy.json,maps/mountain/terrain_mountain_253_medium.json,maps/mountain/terrain_mountain_253_hard.json
train,terrain_mountain_254,mountain,254,terrain_mountain_254_easy,terrain_mountain_254_medium,terrain_mountain_254_hard,maps/mountain/terrain_mountain_254_easy.json,maps/mountain/terrain_mountain_254_medium.json,maps/mountain/terrain_mountain_254_hard.json
train,terrain_mountain_255,mountain,255,terrain_mountain_255_easy,terrain_mountain_255_medium,terrain_mountain_255_hard,maps/mountain/terrain_mountain_255_easy.json,maps/mountain/terrain_mountain_255_medium.json,maps/mountain/terrain_mountain_255_hard.json
train,terrain_mountain_256,mountain,256,terrain_mountain_256_easy,terrain_mountain_256_medium,terrain_mountain_256_hard,maps/mountain/terrain_mountain_256_easy.json,maps/mountain/terrain_mountain_256_medium.json,maps/mountain/terrain_mountain_256_hard.json
train,terrain_mountain_257,mountain,257,terrain_mountain_257_easy,terrain_mountain_257_medium,terrain_mountain_257_hard,maps/mountain/terrain_mountain_257_easy.json,maps/mountain/terrain_mountain_257_medium.json,maps/mountain/terrain_mountain_257_hard.json
train,terrain_mountain_259,mountain,259,terrain_mountain_259_easy,terrain_mountain_259_medium,terrain_mountain_259_hard,maps/mountain/terrain_mountain_259_easy.json,maps/mountain/terrain_mountain_259_medium.json,maps/mountain/terrain_mountain_259_hard.json
train,terrain_mountain_260,mountain,260,terrain_mountain_260_easy,terrain_mountain_260_medium,terrain_mountain_260_hard,maps/mountain/terrain_mountain_260_easy.json,maps/mountain/terrain_mountain_260_medium.json,maps/mountain/terrain_mountain_260_hard.json
train,terrain_mountain_261,mountain,261,terrain_mountain_261_easy,terrain_mountain_261_medium,terrain_mountain_261_hard,maps/mountain/terrain_mountain_261_easy.json,maps/mountain/terrain_mountain_261_medium.json,maps/mountain/terrain_mountain_261_hard.json
train,terrain_mountain_264,mountain,264,terrain_mountain_264_easy,terrain_mountain_264_medium,terrain_mountain_264_hard,maps/mountain/terrain_mountain_264_easy.json,maps/mountain/terrain_mountain_264_medium.json,maps/mountain/terrain_mountain_264_hard.json
train,terrain_mountain_266,mountain,266,terrain_mountain_266_easy,terrain_mountain_266_medium,terrain_mountain_266_hard,maps/mountain/terrain_mountain_266_easy.json,maps/mountain/terrain_mountain_266_medium.json,maps/mountain/terrain_mountain_266_hard.json
train,terrain_mountain_267,mountain,267,terrain_mountain_267_easy,terrain_mountain_267_medium,terrain_mountain_267_hard,maps/mountain/terrain_mountain_267_easy.json,maps/mountain/terrain_mountain_267_medium.json,maps/mountain/terrain_mountain_267_hard.json
train,terrain_mountain_268,mountain,268,terrain_mountain_268_easy,terrain_mountain_268_medium,terrain_mountain_268_hard,maps/mountain/terrain_mountain_268_easy.json,maps/mountain/terrain_mountain_268_medium.json,maps/mountain/terrain_mountain_268_hard.json
train,terrain_mountain_269,mountain,269,terrain_mountain_269_easy,terrain_mountain_269_medium,terrain_mountain_269_hard,maps/mountain/terrain_mountain_269_easy.json,maps/mountain/terrain_mountain_269_medium.json,maps/mountain/terrain_mountain_269_hard.json
train,terrain_mountain_270,mountain,270,terrain_mountain_270_easy,terrain_mountain_270_medium,terrain_mountain_270_hard,maps/mountain/terrain_mountain_270_easy.json,maps/mountain/terrain_mountain_270_medium.json,maps/mountain/terrain_mountain_270_hard.json
train,terrain_mountain_271,mountain,271,terrain_mountain_271_easy,terrain_mountain_271_medium,terrain_mountain_271_hard,maps/mountain/terrain_mountain_271_easy.json,maps/mountain/terrain_mountain_271_medium.json,maps/mountain/terrain_mountain_271_hard.json
train,terrain_mountain_272,mountain,272,terrain_mountain_272_easy,terrain_mountain_272_medium,terrain_mountain_272_hard,maps/mountain/terrain_mountain_272_easy.json,maps/mountain/terrain_mountain_272_medium.json,maps/mountain/terrain_mountain_272_hard.json
train,terrain_mountain_273,mountain,273,terrain_mountain_273_easy,terrain_mountain_273_medium,terrain_mountain_273_hard,maps/mountain/terrain_mountain_273_easy.json,maps/mountain/terrain_mountain_273_medium.json,maps/mountain/terrain_mountain_273_hard.json
train,terrain_mountain_274,mountain,274,terrain_mountain_274_easy,terrain_mountain_274_medium,terrain_mountain_274_hard,maps/mountain/terrain_mountain_274_easy.json,maps/mountain/terrain_mountain_274_medium.json,maps/mountain/terrain_mountain_274_hard.json
train,terrain_mountain_276,mountain,276,terrain_mountain_276_easy,terrain_mountain_276_medium,terrain_mountain_276_hard,maps/mountain/terrain_mountain_276_easy.json,maps/mountain/terrain_mountain_276_medium.json,maps/mountain/terrain_mountain_276_hard.json
train,terrain_mountain_277,mountain,277,terrain_mountain_277_easy,terrain_mountain_277_medium,terrain_mountain_277_hard,maps/mountain/terrain_mountain_277_easy.json,maps/mountain/terrain_mountain_277_medium.json,maps/mountain/terrain_mountain_277_hard.json
train,terrain_mountain_278,mountain,278,terrain_mountain_278_easy,terrain_mountain_278_medium,terrain_mountain_278_hard,maps/mountain/terrain_mountain_278_easy.json,maps/mountain/terrain_mountain_278_medium.json,maps/mountain/terrain_mountain_278_hard.json
train,terrain_mountain_279,mountain,279,terrain_mountain_279_easy,terrain_mountain_279_medium,terrain_mountain_279_hard,maps/mountain/terrain_mountain_279_easy.json,maps/mountain/terrain_mountain_279_medium.json,maps/mountain/terrain_mountain_279_hard.json
train,terrain_mountain_280,mountain,280,terrain_mountain_280_easy,terrain_mountain_280_medium,terrain_mountain_280_hard,maps/mountain/terrain_mountain_280_easy.json,maps/mountain/terrain_mountain_280_medium.json,maps/mountain/terrain_mountain_280_hard.json
train,terrain_mountain_281,mountain,281,terrain_mountain_281_easy,terrain_mountain_281_medium,terrain_mountain_281_hard,maps/mountain/terrain_mountain_281_easy.json,maps/mountain/terrain_mountain_281_medium.json,maps/mountain/terrain_mountain_281_hard.json
train,terrain_mountain_283,mountain,283,terrain_mountain_283_easy,terrain_mountain_283_medium,terrain_mountain_283_hard,maps/mountain/terrain_mountain_283_easy.json,maps/mountain/terrain_mountain_283_medium.json,maps/mountain/terrain_mountain_283_hard.json
train,terrain_mountain_285,mountain,285,terrain_mountain_285_easy,terrain_mountain_285_medium,terrain_mountain_285_hard,maps/mountain/terrain_mountain_285_easy.json,maps/mountain/terrain_mountain_285_medium.json,maps/mountain/terrain_mountain_285_hard.json
train,terrain_mountain_286,mountain,286,terrain_mountain_286_easy,terrain_mountain_286_medium,terrain_mountain_286_hard,maps/mountain/terrain_mountain_286_easy.json,maps/mountain/terrain_mountain_286_medium.json,maps/mountain/terrain_mountain_286_hard.json
train,terrain_mountain_289,mountain,289,terrain_mountain_289_easy,terrain_mountain_289_medium,terrain_mountain_289_hard,maps/mountain/terrain_mountain_289_easy.json,maps/mountain/terrain_mountain_289_medium.json,maps/mountain/terrain_mountain_289_hard.json
train,terrain_mountain_291,mountain,291,terrain_mountain_291_easy,terrain_mountain_291_medium,terrain_mountain_291_hard,maps/mountain/terrain_mountain_291_easy.json,maps/mountain/terrain_mountain_291_medium.json,maps/mountain/terrain_mountain_291_hard.json
train,terrain_mountain_293,mountain,293,terrain_mountain_293_easy,terrain_mountain_293_medium,terrain_mountain_293_hard,maps/mountain/terrain_mountain_293_easy.json,maps/mountain/terrain_mountain_293_medium.json,maps/mountain/terrain_mountain_293_hard.json
train,terrain_mountain_294,mountain,294,terrain_mountain_294_easy,terrain_mountain_294_medium,terrain_mountain_294_hard,maps/mountain/terrain_mountain_294_easy.json,maps/mountain/terrain_mountain_294_medium.json,maps/mountain/terrain_mountain_294_hard.json
train,terrain_mountain_295,mountain,295,terrain_mountain_295_easy,terrain_mountain_295_medium,terrain_mountain_295_hard,maps/mountain/terrain_mountain_295_easy.json,maps/mountain/terrain_mountain_295_medium.json,maps/mountain/terrain_mountain_295_hard.json
train,terrain_mountain_299,mountain,299,terrain_mountain_299_easy,terrain_mountain_299_medium,terrain_mountain_299_hard,maps/mountain/terrain_mountain_299_easy.json,maps/mountain/terrain_mountain_299_medium.json,maps/mountain/terrain_mountain_299_hard.json
train,terrain_mountain_300,mountain,300,terrain_mountain_300_easy,terrain_mountain_300_medium,terrain_mountain_300_hard,maps/mountain/terrain_mountain_300_easy.json,maps/mountain/terrain_mountain_300_medium.json,maps/mountain/terrain_mountain_300_hard.json
train,terrain_mountain_301,mountain,301,terrain_mountain_301_easy,terrain_mountain_301_medium,terrain_mountain_301_hard,maps/mountain/terrain_mountain_301_easy.json,maps/mountain/terrain_mountain_301_medium.json,maps/mountain/terrain_mountain_301_hard.json
train,terrain_mountain_305,mountain,305,terrain_mountain_305_easy,terrain_mountain_305_medium,terrain_mountain_305_hard,maps/mountain/terrain_mountain_305_easy.json,maps/mountain/terrain_mountain_305_medium.json,maps/mountain/terrain_mountain_305_hard.json
train,terrain_mountain_306,mountain,306,terrain_mountain_306_easy,terrain_mountain_306_medium,terrain_mountain_306_hard,maps/mountain/terrain_mountain_306_easy.json,maps/mountain/terrain_mountain_306_medium.json,maps/mountain/terrain_mountain_306_hard.json
train,terrain_mountain_307,mountain,307,terrain_mountain_307_easy,terrain_mountain_307_medium,terrain_mountain_307_hard,maps/mountain/terrain_mountain_307_easy.json,maps/mountain/terrain_mountain_307_medium.json,maps/mountain/terrain_mountain_307_hard.json
train,terrain_mountain_308,mountain,308,terrain_mountain_308_easy,terrain_mountain_308_medium,terrain_mountain_308_hard,maps/mountain/terrain_mountain_308_easy.json,maps/mountain/terrain_mountain_308_medium.json,maps/mountain/terrain_mountain_308_hard.json
train,terrain_mountain_309,mountain,309,terrain_mountain_309_easy,terrain_mountain_309_medium,terrain_mountain_309_hard,maps/mountain/terrain_mountain_309_easy.json,maps/mountain/terrain_mountain_309_medium.json,maps/mountain/terrain_mountain_309_hard.json
train,terrain_mountain_311,mountain,311,terrain_mountain_311_easy,terrain_mountain_311_medium,terrain_mountain_311_hard,maps/mountain/terrain_mountain_311_easy.json,maps/mountain/terrain_mountain_311_medium.json,maps/mountain/terrain_mountain_311_hard.json
train,terrain_mountain_312,mountain,312,terrain_mountain_312_easy,terrain_mountain_312_medium,terrain_mountain_312_hard,maps/mountain/terrain_mountain_312_easy.json,maps/mountain/terrain_mountain_312_medium.json,maps/mountain/terrain_mountain_312_hard.json
train,terrain_mountain_314,mountain,314,terrain_mountain_314_easy,terrain_mountain_314_medium,terrain_mountain_314_hard,maps/mountain/terrain_mountain_314_easy.json,maps/mountain/terrain_mountain_314_medium.json,maps/mountain/terrain_mountain_314_hard.json
train,terrain_mountain_315,mountain,315,terrain_mountain_315_easy,terrain_mountain_315_medium,terrain_mountain_315_hard,maps/mountain/terrain_mountain_315_easy.json,maps/mountain/terrain_mountain_315_medium.json,maps/mountain/terrain_mountain_315_hard.json
train,terrain_mountain_316,mountain,316,terrain_mountain_316_easy,terrain_mountain_316_medium,terrain_mountain_316_hard,maps/mountain/terrain_mountain_316_easy.json,maps/mountain/terrain_mountain_316_medium.json,maps/mountain/terrain_mountain_316_hard.json
train,terrain_mountain_317,mountain,317,terrain_mountain_317_easy,terrain_mountain_317_medium,terrain_mountain_317_hard,maps/mountain/terrain_mountain_317_easy.json,maps/mountain/terrain_mountain_317_medium.json,maps/mountain/terrain_mountain_317_hard.json
train,terrain_mountain_319,mountain,319,terrain_mountain_319_easy,terrain_mountain_319_medium,terrain_mountain_319_hard,maps/mountain/terrain_mountain_319_easy.json,maps/mountain/terrain_mountain_319_medium.json,maps/mountain/terrain_mountain_319_hard.json
train,terrain_mountain_320,mountain,320,terrain_mountain_320_easy,terrain_mountain_320_medium,terrain_mountain_320_hard,maps/mountain/terrain_mountain_320_easy.json,maps/mountain/terrain_mountain_320_medium.json,maps/mountain/terrain_mountain_320_hard.json
train,terrain_mountain_321,mountain,321,terrain_mountain_321_easy,terrain_mountain_321_medium,terrain_mountain_321_hard,maps/mountain/terrain_mountain_321_easy.json,maps/mountain/terrain_mountain_321_medium.json,maps/mountain/terrain_mountain_321_hard.json
train,terrain_mountain_322,mountain,322,terrain_mountain_322_easy,terrain_mountain_322_medium,terrain_mountain_322_hard,maps/mountain/terrain_mountain_322_easy.json,maps/mountain/terrain_mountain_322_medium.json,maps/mountain/terrain_mountain_322_hard.json
train,terrain_mountain_324,mountain,324,terrain_mountain_324_easy,terrain_mountain_324_medium,terrain_mountain_324_hard,maps/mountain/terrain_mountain_324_easy.json,maps/mountain/terrain_mountain_324_medium.json,maps/mountain/terrain_mountain_324_hard.json
train,terrain_mountain_328,mountain,328,terrain_mountain_328_easy,terrain_mountain_328_medium,terrain_mountain_328_hard,maps/mountain/terrain_mountain_328_easy.json,maps/mountain/terrain_mountain_328_medium.json,maps/mountain/terrain_mountain_328_hard.json
train,terrain_mountain_332,mountain,332,terrain_mountain_332_easy,terrain_mountain_332_medium,terrain_mountain_332_hard,maps/mountain/terrain_mountain_332_easy.json,maps/mountain/terrain_mountain_332_medium.json,maps/mountain/terrain_mountain_332_hard.json
train,terrain_mountain_333,mountain,333,terrain_mountain_333_easy,terrain_mountain_333_medium,terrain_mountain_333_hard,maps/mountain/terrain_mountain_333_easy.json,maps/mountain/terrain_mountain_333_medium.json,maps/mountain/terrain_mountain_333_hard.json
train,terrain_mountain_334,mountain,334,terrain_mountain_334_easy,terrain_mountain_334_medium,terrain_mountain_334_hard,maps/mountain/terrain_mountain_334_easy.json,maps/mountain/terrain_mountain_334_medium.json,maps/mountain/terrain_mountain_334_hard.json
train,terrain_rugged_002,rugged,2,terrain_rugged_002_easy,terrain_rugged_002_medium,terrain_rugged_002_hard,maps/rugged/terrain_rugged_002_easy.json,maps/rugged/terrain_rugged_002_medium.json,maps/rugged/terrain_rugged_002_hard.json
train,terrain_rugged_003,rugged,3,terrain_rugged_003_easy,terrain_rugged_003_medium,terrain_rugged_003_hard,maps/rugged/terrain_rugged_003_easy.json,maps/rugged/terrain_rugged_003_medium.json,maps/rugged/terrain_rugged_003_hard.json
train,terrain_rugged_005,rugged,5,terrain_rugged_005_easy,terrain_rugged_005_medium,terrain_rugged_005_hard,maps/rugged/terrain_rugged_005_easy.json,maps/rugged/terrain_rugged_005_medium.json,maps/rugged/terrain_rugged_005_hard.json
train,terrain_rugged_006,rugged,6,terrain_rugged_006_easy,terrain_rugged_006_medium,terrain_rugged_006_hard,maps/rugged/terrain_rugged_006_easy.json,maps/rugged/terrain_rugged_006_medium.json,maps/rugged/terrain_rugged_006_hard.json
train,terrain_rugged_008,rugged,8,terrain_rugged_008_easy,terrain_rugged_008_medium,terrain_rugged_008_hard,maps/rugged/terrain_rugged_008_easy.json,maps/rugged/terrain_rugged_008_medium.json,maps/rugged/terrain_rugged_008_hard.json
train,terrain_rugged_009,rugged,9,terrain_rugged_009_easy,terrain_rugged_009_medium,terrain_rugged_009_hard,maps/rugged/terrain_rugged_009_easy.json,maps/rugged/terrain_rugged_009_medium.json,maps/rugged/terrain_rugged_009_hard.json
train,terrain_rugged_010,rugged,10,terrain_rugged_010_easy,terrain_rugged_010_medium,terrain_rugged_010_hard,maps/rugged/terrain_rugged_010_easy.json,maps/rugged/terrain_rugged_010_medium.json,maps/rugged/terrain_rugged_010_hard.json
train,terrain_rugged_012,rugged,12,terrain_rugged_012_easy,terrain_rugged_012_medium,terrain_rugged_012_hard,maps/rugged/terrain_rugged_012_easy.json,maps/rugged/terrain_rugged_012_medium.json,maps/rugged/terrain_rugged_012_hard.json
train,terrain_rugged_013,rugged,13,terrain_rugged_013_easy,terrain_rugged_013_medium,terrain_rugged_013_hard,maps/rugged/terrain_rugged_013_easy.json,maps/rugged/terrain_rugged_013_medium.json,maps/rugged/terrain_rugged_013_hard.json
train,terrain_rugged_014,rugged,14,terrain_rugged_014_easy,terrain_rugged_014_medium,terrain_rugged_014_hard,maps/rugged/terrain_rugged_014_easy.json,maps/rugged/terrain_rugged_014_medium.json,maps/rugged/terrain_rugged_014_hard.json
train,terrain_rugged_015,rugged,15,terrain_rugged_015_easy,terrain_rugged_015_medium,terrain_rugged_015_hard,maps/rugged/terrain_rugged_015_easy.json,maps/rugged/terrain_rugged_015_medium.json,maps/rugged/terrain_rugged_015_hard.json
train,terrain_rugged_018,rugged,18,terrain_rugged_018_easy,terrain_rugged_018_medium,terrain_rugged_018_hard,maps/rugged/terrain_rugged_018_easy.json,maps/rugged/terrain_rugged_018_medium.json,maps/rugged/terrain_rugged_018_hard.json
train,terrain_rugged_019,rugged,19,terrain_rugged_019_easy,terrain_rugged_019_medium,terrain_rugged_019_hard,maps/rugged/terrain_rugged_019_easy.json,maps/rugged/terrain_rugged_019_medium.json,maps/rugged/terrain_rugged_019_hard.json
train,terrain_rugged_020,rugged,20,terrain_rugged_020_easy,terrain_rugged_020_medium,terrain_rugged_020_hard,maps/rugged/terrain_rugged_020_easy.json,maps/rugged/terrain_rugged_020_medium.json,maps/rugged/terrain_rugged_020_hard.json
train,terrain_rugged_023,rugged,23,terrain_rugged_023_easy,terrain_rugged_023_medium,terrain_rugged_023_hard,maps/rugged/terrain_rugged_023_easy.json,maps/rugged/terrain_rugged_023_medium.json,maps/rugged/terrain_rugged_023_hard.json
train,terrain_rugged_024,rugged,24,terrain_rugged_024_easy,terrain_rugged_024_medium,terrain_rugged_024_hard,maps/rugged/terrain_rugged_024_easy.json,maps/rugged/terrain_rugged_024_medium.json,maps/rugged/terrain_rugged_024_hard.json
train,terrain_rugged_025,rugged,25,terrain_rugged_025_easy,terrain_rugged_025_medium,terrain_rugged_025_hard,maps/rugged/terrain_rugged_025_easy.json,maps/rugged/terrain_rugged_025_medium.json,maps/rugged/terrain_rugged_025_hard.json
train,terrain_rugged_026,rugged,26,terrain_rugged_026_easy,terrain_rugged_026_medium,terrain_rugged_026_hard,maps/rugged/terrain_rugged_026_easy.json,maps/rugged/terrain_rugged_026_medium.json,maps/rugged/terrain_rugged_026_hard.json
train,terrain_rugged_028,rugged,28,terrain_rugged_028_easy,terrain_rugged_028_medium,terrain_rugged_028_hard,maps/rugged/terrain_rugged_028_easy.json,maps/rugged/terrain_rugged_028_medium.json,maps/rugged/terrain_rugged_028_hard.json
train,terrain_rugged_030,rugged,30,terrain_rugged_030_easy,terrain_rugged_030_medium,terrain_rugged_030_hard,maps/rugged/terrain_rugged_030_easy.json,maps/rugged/terrain_rugged_030_medium.json,maps/rugged/terrain_rugged_030_hard.json
train,terrain_rugged_032,rugged,32,terrain_rugged_032_easy,terrain_rugged_032_medium,terrain_rugged_032_hard,maps/rugged/terrain_rugged_032_easy.json,maps/rugged/terrain_rugged_032_medium.json,maps/rugged/terrain_rugged_032_hard.json
train,terrain_rugged_035,rugged,35,terrain_rugged_035_easy,terrain_rugged_035_medium,terrain_rugged_035_hard,maps/rugged/terrain_rugged_035_easy.json,maps/rugged/terrain_rugged_035_medium.json,maps/rugged/terrain_rugged_035_hard.json
train,terrain_rugged_036,rugged,36,terrain_rugged_036_easy,terrain_rugged_036_medium,terrain_rugged_036_hard,maps/rugged/terrain_rugged_036_easy.json,maps/rugged/terrain_rugged_036_medium.json,maps/rugged/terrain_rugged_036_hard.json
train,terrain_rugged_038,rugged,38,terrain_rugged_038_easy,terrain_rugged_038_medium,terrain_rugged_038_hard,maps/rugged/terrain_rugged_038_easy.json,maps/rugged/terrain_rugged_038_medium.json,maps/rugged/terrain_rugged_038_hard.json
train,terrain_rugged_041,rugged,41,terrain_rugged_041_easy,terrain_rugged_041_medium,terrain_rugged_041_hard,maps/rugged/terrain_rugged_041_easy.json,maps/rugged/terrain_rugged_041_medium.json,maps/rugged/terrain_rugged_041_hard.json
train,terrain_rugged_042,rugged,42,terrain_rugged_042_easy,terrain_rugged_042_medium,terrain_rugged_042_hard,maps/rugged/terrain_rugged_042_easy.json,maps/rugged/terrain_rugged_042_medium.json,maps/rugged/terrain_rugged_042_hard.json
train,terrain_rugged_043,rugged,43,terrain_rugged_043_easy,terrain_rugged_043_medium,terrain_rugged_043_hard,maps/rugged/terrain_rugged_043_easy.json,maps/rugged/terrain_rugged_043_medium.json,maps/rugged/terrain_rugged_043_hard.json
train,terrain_rugged_044,rugged,44,terrain_rugged_044_easy,terrain_rugged_044_medium,terrain_rugged_044_hard,maps/rugged/terrain_rugged_044_easy.json,maps/rugged/terrain_rugged_044_medium.json,maps/rugged/terrain_rugged_044_hard.json
train,terrain_rugged_046,rugged,46,terrain_rugged_046_easy,terrain_rugged_046_medium,terrain_rugged_046_hard,maps/rugged/terrain_rugged_046_easy.json,maps/rugged/terrain_rugged_046_medium.json,maps/rugged/terrain_rugged_046_hard.json
train,terrain_rugged_047,rugged,47,terrain_rugged_047_easy,terrain_rugged_047_medium,terrain_rugged_047_hard,maps/rugged/terrain_rugged_047_easy.json,maps/rugged/terrain_rugged_047_medium.json,maps/rugged/terrain_rugged_047_hard.json
train,terrain_rugged_050,rugged,50,terrain_rugged_050_easy,terrain_rugged_050_medium,terrain_rugged_050_hard,maps/rugged/terrain_rugged_050_easy.json,maps/rugged/terrain_rugged_050_medium.json,maps/rugged/terrain_rugged_050_hard.json
train,terrain_rugged_051,rugged,51,terrain_rugged_051_easy,terrain_rugged_051_medium,terrain_rugged_051_hard,maps/rugged/terrain_rugged_051_easy.json,maps/rugged/terrain_rugged_051_medium.json,maps/rugged/terrain_rugged_051_hard.json
train,terrain_rugged_052,rugged,52,terrain_rugged_052_easy,terrain_rugged_052_medium,terrain_rugged_052_hard,maps/rugged/terrain_rugged_052_easy.json,maps/rugged/terrain_rugged_052_medium.json,maps/rugged/terrain_rugged_052_hard.json
train,terrain_rugged_054,rugged,54,terrain_rugged_054_easy,terrain_rugged_054_medium,terrain_rugged_054_hard,maps/rugged/terrain_rugged_054_easy.json,maps/rugged/terrain_rugged_054_medium.json,maps/rugged/terrain_rugged_054_hard.json
train,terrain_rugged_055,rugged,55,terrain_rugged_055_easy,terrain_rugged_055_medium,terrain_rugged_055_hard,maps/rugged/terrain_rugged_055_easy.json,maps/rugged/terrain_rugged_055_medium.json,maps/rugged/terrain_rugged_055_hard.json
train,terrain_rugged_057,rugged,57,terrain_rugged_057_easy,terrain_rugged_057_medium,terrain_rugged_057_hard,maps/rugged/terrain_rugged_057_easy.json,maps/rugged/terrain_rugged_057_medium.json,maps/rugged/terrain_rugged_057_hard.json
train,terrain_rugged_058,rugged,58,terrain_rugged_058_easy,terrain_rugged_058_medium,terrain_rugged_058_hard,maps/rugged/terrain_rugged_058_easy.json,maps/rugged/terrain_rugged_058_medium.json,maps/rugged/terrain_rugged_058_hard.json
train,terrain_rugged_059,rugged,59,terrain_rugged_059_easy,terrain_rugged_059_medium,terrain_rugged_059_hard,maps/rugged/terrain_rugged_059_easy.json,maps/rugged/terrain_rugged_059_medium.json,maps/rugged/terrain_rugged_059_hard.json
train,terrain_rugged_060,rugged,60,terrain_rugged_060_easy,terrain_rugged_060_medium,terrain_rugged_060_hard,maps/rugged/terrain_rugged_060_easy.json,maps/rugged/terrain_rugged_060_medium.json,maps/rugged/terrain_rugged_060_hard.json
train,terrain_rugged_061,rugged,61,terrain_rugged_061_easy,terrain_rugged_061_medium,terrain_rugged_061_hard,maps/rugged/terrain_rugged_061_easy.json,maps/rugged/terrain_rugged_061_medium.json,maps/rugged/terrain_rugged_061_hard.json
train,terrain_rugged_062,rugged,62,terrain_rugged_062_easy,terrain_rugged_062_medium,terrain_rugged_062_hard,maps/rugged/terrain_rugged_062_easy.json,maps/rugged/terrain_rugged_062_medium.json,maps/rugged/terrain_rugged_062_hard.json
train,terrain_rugged_064,rugged,64,terrain_rugged_064_easy,terrain_rugged_064_medium,terrain_rugged_064_hard,maps/rugged/terrain_rugged_064_easy.json,maps/rugged/terrain_rugged_064_medium.json,maps/rugged/terrain_rugged_064_hard.json
train,terrain_rugged_065,rugged,65,terrain_rugged_065_easy,terrain_rugged_065_medium,terrain_rugged_065_hard,maps/rugged/terrain_rugged_065_easy.json,maps/rugged/terrain_rugged_065_medium.json,maps/rugged/terrain_rugged_065_hard.json
train,terrain_rugged_066,rugged,66,terrain_rugged_066_easy,terrain_rugged_066_medium,terrain_rugged_066_hard,maps/rugged/terrain_rugged_066_easy.json,maps/rugged/terrain_rugged_066_medium.json,maps/rugged/terrain_rugged_066_hard.json
train,terrain_rugged_068,rugged,68,terrain_rugged_068_easy,terrain_rugged_068_medium,terrain_rugged_068_hard,maps/rugged/terrain_rugged_068_easy.json,maps/rugged/terrain_rugged_068_medium.json,maps/rugged/terrain_rugged_068_hard.json
train,terrain_rugged_069,rugged,69,terrain_rugged_069_easy,terrain_rugged_069_medium,terrain_rugged_069_hard,maps/rugged/terrain_rugged_069_easy.json,maps/rugged/terrain_rugged_069_medium.json,maps/rugged/terrain_rugged_069_hard.json
train,terrain_rugged_070,rugged,70,terrain_rugged_070_easy,terrain_rugged_070_medium,terrain_rugged_070_hard,maps/rugged/terrain_rugged_070_easy.json,maps/rugged/terrain_rugged_070_medium.json,maps/rugged/terrain_rugged_070_hard.json
train,terrain_rugged_074,rugged,74,terrain_rugged_074_easy,terrain_rugged_074_medium,terrain_rugged_074_hard,maps/rugged/terrain_rugged_074_easy.json,maps/rugged/terrain_rugged_074_medium.json,maps/rugged/terrain_rugged_074_hard.json
train,terrain_rugged_075,rugged,75,terrain_rugged_075_easy,terrain_rugged_075_medium,terrain_rugged_075_hard,maps/rugged/terrain_rugged_075_easy.json,maps/rugged/terrain_rugged_075_medium.json,maps/rugged/terrain_rugged_075_hard.json
train,terrain_rugged_076,rugged,76,terrain_rugged_076_easy,terrain_rugged_076_medium,terrain_rugged_076_hard,maps/rugged/terrain_rugged_076_easy.json,maps/rugged/terrain_rugged_076_medium.json,maps/rugged/terrain_rugged_076_hard.json
train,terrain_rugged_077,rugged,77,terrain_rugged_077_easy,terrain_rugged_077_medium,terrain_rugged_077_hard,maps/rugged/terrain_rugged_077_easy.json,maps/rugged/terrain_rugged_077_medium.json,maps/rugged/terrain_rugged_077_hard.json
train,terrain_rugged_078,rugged,78,terrain_rugged_078_easy,terrain_rugged_078_medium,terrain_rugged_078_hard,maps/rugged/terrain_rugged_078_easy.json,maps/rugged/terrain_rugged_078_medium.json,maps/rugged/terrain_rugged_078_hard.json
train,terrain_rugged_081,rugged,81,terrain_rugged_081_easy,terrain_rugged_081_medium,terrain_rugged_081_hard,maps/rugged/terrain_rugged_081_easy.json,maps/rugged/terrain_rugged_081_medium.json,maps/rugged/terrain_rugged_081_hard.json
train,terrain_rugged_083,rugged,83,terrain_rugged_083_easy,terrain_rugged_083_medium,terrain_rugged_083_hard,maps/rugged/terrain_rugged_083_easy.json,maps/rugged/terrain_rugged_083_medium.json,maps/rugged/terrain_rugged_083_hard.json
train,terrain_rugged_084,rugged,84,terrain_rugged_084_easy,terrain_rugged_084_medium,terrain_rugged_084_hard,maps/rugged/terrain_rugged_084_easy.json,maps/rugged/terrain_rugged_084_medium.json,maps/rugged/terrain_rugged_084_hard.json
train,terrain_rugged_086,rugged,86,terrain_rugged_086_easy,terrain_rugged_086_medium,terrain_rugged_086_hard,maps/rugged/terrain_rugged_086_easy.json,maps/rugged/terrain_rugged_086_medium.json,maps/rugged/terrain_rugged_086_hard.json
train,terrain_rugged_087,rugged,87,terrain_rugged_087_easy,terrain_rugged_087_medium,terrain_rugged_087_hard,maps/rugged/terrain_rugged_087_easy.json,maps/rugged/terrain_rugged_087_medium.json,maps/rugged/terrain_rugged_087_hard.json
train,terrain_rugged_091,rugged,91,terrain_rugged_091_easy,terrain_rugged_091_medium,terrain_rugged_091_hard,maps/rugged/terrain_rugged_091_easy.json,maps/rugged/terrain_rugged_091_medium.json,maps/rugged/terrain_rugged_091_hard.json
train,terrain_rugged_092,rugged,92,terrain_rugged_092_easy,terrain_rugged_092_medium,terrain_rugged_092_hard,maps/rugged/terrain_rugged_092_easy.json,maps/rugged/terrain_rugged_092_medium.json,maps/rugged/terrain_rugged_092_hard.json
train,terrain_rugged_093,rugged,93,terrain_rugged_093_easy,terrain_rugged_093_medium,terrain_rugged_093_hard,maps/rugged/terrain_rugged_093_easy.json,maps/rugged/terrain_rugged_093_medium.json,maps/rugged/terrain_rugged_093_hard.json
train,terrain_rugged_094,rugged,94,terrain_rugged_094_easy,terrain_rugged_094_medium,terrain_rugged_094_hard,maps/rugged/terrain_rugged_094_easy.json,maps/rugged/terrain_rugged_094_medium.json,maps/rugged/terrain_rugged_094_hard.json
train,terrain_rugged_095,rugged,95,terrain_rugged_095_easy,terrain_rugged_095_medium,terrain_rugged_095_hard,maps/rugged/terrain_rugged_095_easy.json,maps/rugged/terrain_rugged_095_medium.json,maps/rugged/terrain_rugged_095_hard.json
train,terrain_rugged_096,rugged,96,terrain_rugged_096_easy,terrain_rugged_096_medium,terrain_rugged_096_hard,maps/rugged/terrain_rugged_096_easy.json,maps/rugged/terrain_rugged_096_medium.json,maps/rugged/terrain_rugged_096_hard.json
train,terrain_rugged_097,rugged,97,terrain_rugged_097_easy,terrain_rugged_097_medium,terrain_rugged_097_hard,maps/rugged/terrain_rugged_097_easy.json,maps/rugged/terrain_rugged_097_medium.json,maps/rugged/terrain_rugged_097_hard.json
train,terrain_rugged_099,rugged,99,terrain_rugged_099_easy,terrain_rugged_099_medium,terrain_rugged_099_hard,maps/rugged/terrain_rugged_099_easy.json,maps/rugged/terrain_rugged_099_medium.json,maps/rugged/terrain_rugged_099_hard.json
train,terrain_rugged_100,rugged,100,terrain_rugged_100_easy,terrain_rugged_100_medium,terrain_rugged_100_hard,maps/rugged/terrain_rugged_100_easy.json,maps/rugged/terrain_rugged_100_medium.json,maps/rugged/terrain_rugged_100_hard.json
train,terrain_rugged_101,rugged,101,terrain_rugged_101_easy,terrain_rugged_101_medium,terrain_rugged_101_hard,maps/rugged/terrain_rugged_101_easy.json,maps/rugged/terrain_rugged_101_medium.json,maps/rugged/terrain_rugged_101_hard.json
train,terrain_rugged_102,rugged,102,terrain_rugged_102_easy,terrain_rugged_102_medium,terrain_rugged_102_hard,maps/rugged/terrain_rugged_102_easy.json,maps/rugged/terrain_rugged_102_medium.json,maps/rugged/terrain_rugged_102_hard.json
train,terrain_rugged_103,rugged,103,terrain_rugged_103_easy,terrain_rugged_103_medium,terrain_rugged_103_hard,maps/rugged/terrain_rugged_103_easy.json,maps/rugged/terrain_rugged_103_medium.json,maps/rugged/terrain_rugged_103_hard.json
train,terrain_rugged_105,rugged,105,terrain_rugged_105_easy,terrain_rugged_105_medium,terrain_rugged_105_hard,maps/rugged/terrain_rugged_105_easy.json,maps/rugged/terrain_rugged_105_medium.json,maps/rugged/terrain_rugged_105_hard.json
train,terrain_rugged_108,rugged,108,terrain_rugged_108_easy,terrain_rugged_108_medium,terrain_rugged_108_hard,maps/rugged/terrain_rugged_108_easy.json,maps/rugged/terrain_rugged_108_medium.json,maps/rugged/terrain_rugged_108_hard.json
train,terrain_rugged_109,rugged,109,terrain_rugged_109_easy,terrain_rugged_109_medium,terrain_rugged_109_hard,maps/rugged/terrain_rugged_109_easy.json,maps/rugged/terrain_rugged_109_medium.json,maps/rugged/terrain_rugged_109_hard.json
train,terrain_rugged_110,rugged,110,terrain_rugged_110_easy,terrain_rugged_110_medium,terrain_rugged_110_hard,maps/rugged/terrain_rugged_110_easy.json,maps/rugged/terrain_rugged_110_medium.json,maps/rugged/terrain_rugged_110_hard.json
train,terrain_rugged_112,rugged,112,terrain_rugged_112_easy,terrain_rugged_112_medium,terrain_rugged_112_hard,maps/rugged/terrain_rugged_112_easy.json,maps/rugged/terrain_rugged_112_medium.json,maps/rugged/terrain_rugged_112_hard.json
train,terrain_rugged_113,rugged,113,terrain_rugged_113_easy,terrain_rugged_113_medium,terrain_rugged_113_hard,maps/rugged/terrain_rugged_113_easy.json,maps/rugged/terrain_rugged_113_medium.json,maps/rugged/terrain_rugged_113_hard.json
train,terrain_rugged_114,rugged,114,terrain_rugged_114_easy,terrain_rugged_114_medium,terrain_rugged_114_hard,maps/rugged/terrain_rugged_114_easy.json,maps/rugged/terrain_rugged_114_medium.json,maps/rugged/terrain_rugged_114_hard.json
train,terrain_rugged_116,rugged,116,terrain_rugged_116_easy,terrain_rugged_116_medium,terrain_rugged_116_hard,maps/rugged/terrain_rugged_116_easy.json,maps/rugged/terrain_rugged_116_medium.json,maps/rugged/terrain_rugged_116_hard.json
train,terrain_rugged_118,rugged,118,terrain_rugged_118_easy,terrain_rugged_118_medium,terrain_rugged_118_hard,maps/rugged/terrain_rugged_118_easy.json,maps/rugged/terrain_rugged_118_medium.json,maps/rugged/terrain_rugged_118_hard.json
train,terrain_rugged_119,rugged,119,terrain_rugged_119_easy,terrain_rugged_119_medium,terrain_rugged_119_hard,maps/rugged/terrain_rugged_119_easy.json,maps/rugged/terrain_rugged_119_medium.json,maps/rugged/terrain_rugged_119_hard.json
train,terrain_rugged_120,rugged,120,terrain_rugged_120_easy,terrain_rugged_120_medium,terrain_rugged_120_hard,maps/rugged/terrain_rugged_120_easy.json,maps/rugged/terrain_rugged_120_medium.json,maps/rugged/terrain_rugged_120_hard.json
train,terrain_rugged_121,rugged,121,terrain_rugged_121_easy,terrain_rugged_121_medium,terrain_rugged_121_hard,maps/rugged/terrain_rugged_121_easy.json,maps/rugged/terrain_rugged_121_medium.json,maps/rugged/terrain_rugged_121_hard.json
train,terrain_rugged_122,rugged,122,terrain_rugged_122_easy,terrain_rugged_122_medium,terrain_rugged_122_hard,maps/rugged/terrain_rugged_122_easy.json,maps/rugged/terrain_rugged_122_medium.json,maps/rugged/terrain_rugged_122_hard.json
train,terrain_rugged_123,rugged,123,terrain_rugged_123_easy,terrain_rugged_123_medium,terrain_rugged_123_hard,maps/rugged/terrain_rugged_123_easy.json,maps/rugged/terrain_rugged_123_medium.json,maps/rugged/terrain_rugged_123_hard.json
train,terrain_rugged_124,rugged,124,terrain_rugged_124_easy,terrain_rugged_124_medium,terrain_rugged_124_hard,maps/rugged/terrain_rugged_124_easy.json,maps/rugged/terrain_rugged_124_medium.json,maps/rugged/terrain_rugged_124_hard.json
train,terrain_rugged_125,rugged,125,terrain_rugged_125_easy,terrain_rugged_125_medium,terrain_rugged_125_hard,maps/rugged/terrain_rugged_125_easy.json,maps/rugged/terrain_rugged_125_medium.json,maps/rugged/terrain_rugged_125_hard.json
train,terrain_rugged_127,rugged,127,terrain_rugged_127_easy,terrain_rugged_127_medium,terrain_rugged_127_hard,maps/rugged/terrain_rugged_127_easy.json,maps/rugged/terrain_rugged_127_medium.json,maps/rugged/terrain_rugged_127_hard.json
train,terrain_rugged_128,rugged,128,terrain_rugged_128_easy,terrain_rugged_128_medium,terrain_rugged_128_hard,maps/rugged/terrain_rugged_128_easy.json,maps/rugged/terrain_rugged_128_medium.json,maps/rugged/terrain_rugged_128_hard.json
train,terrain_rugged_129,rugged,129,terrain_rugged_129_easy,terrain_rugged_129_medium,terrain_rugged_129_hard,maps/rugged/terrain_rugged_129_easy.json,maps/rugged/terrain_rugged_129_medium.json,maps/rugged/terrain_rugged_129_hard.json
train,terrain_rugged_130,rugged,130,terrain_rugged_130_easy,terrain_rugged_130_medium,terrain_rugged_130_hard,maps/rugged/terrain_rugged_130_easy.json,maps/rugged/terrain_rugged_130_medium.json,maps/rugged/terrain_rugged_130_hard.json
train,terrain_rugged_133,rugged,133,terrain_rugged_133_easy,terrain_rugged_133_medium,terrain_rugged_133_hard,maps/rugged/terrain_rugged_133_easy.json,maps/rugged/terrain_rugged_133_medium.json,maps/rugged/terrain_rugged_133_hard.json
train,terrain_rugged_134,rugged,134,terrain_rugged_134_easy,terrain_rugged_134_medium,terrain_rugged_134_hard,maps/rugged/terrain_rugged_134_easy.json,maps/rugged/terrain_rugged_134_medium.json,maps/rugged/terrain_rugged_134_hard.json
train,terrain_rugged_135,rugged,135,terrain_rugged_135_easy,terrain_rugged_135_medium,terrain_rugged_135_hard,maps/rugged/terrain_rugged_135_easy.json,maps/rugged/terrain_rugged_135_medium.json,maps/rugged/terrain_rugged_135_hard.json
train,terrain_rugged_136,rugged,136,terrain_rugged_136_easy,terrain_rugged_136_medium,terrain_rugged_136_hard,maps/rugged/terrain_rugged_136_easy.json,maps/rugged/terrain_rugged_136_medium.json,maps/rugged/terrain_rugged_136_hard.json
train,terrain_rugged_138,rugged,138,terrain_rugged_138_easy,terrain_rugged_138_medium,terrain_rugged_138_hard,maps/rugged/terrain_rugged_138_easy.json,maps/rugged/terrain_rugged_138_medium.json,maps/rugged/terrain_rugged_138_hard.json
train,terrain_rugged_140,rugged,140,terrain_rugged_140_easy,terrain_rugged_140_medium,terrain_rugged_140_hard,maps/rugged/terrain_rugged_140_easy.json,maps/rugged/terrain_rugged_140_medium.json,maps/rugged/terrain_rugged_140_hard.json
train,terrain_rugged_141,rugged,141,terrain_rugged_141_easy,terrain_rugged_141_medium,terrain_rugged_141_hard,maps/rugged/terrain_rugged_141_easy.json,maps/rugged/terrain_rugged_141_medium.json,maps/rugged/terrain_rugged_141_hard.json
train,terrain_rugged_143,rugged,143,terrain_rugged_143_easy,terrain_rugged_143_medium,terrain_rugged_143_hard,maps/rugged/terrain_rugged_143_easy.json,maps/rugged/terrain_rugged_143_medium.json,maps/rugged/terrain_rugged_143_hard.json
train,terrain_rugged_144,rugged,144,terrain_rugged_144_easy,terrain_rugged_144_medium,terrain_rugged_144_hard,maps/rugged/terrain_rugged_144_easy.json,maps/rugged/terrain_rugged_144_medium.json,maps/rugged/terrain_rugged_144_hard.json
train,terrain_rugged_145,rugged,145,terrain_rugged_145_easy,terrain_rugged_145_medium,terrain_rugged_145_hard,maps/rugged/terrain_rugged_145_easy.json,maps/rugged/terrain_rugged_145_medium.json,maps/rugged/terrain_rugged_145_hard.json
train,terrain_rugged_146,rugged,146,terrain_rugged_146_easy,terrain_rugged_146_medium,terrain_rugged_146_hard,maps/rugged/terrain_rugged_146_easy.json,maps/rugged/terrain_rugged_146_medium.json,maps/rugged/terrain_rugged_146_hard.json
train,terrain_rugged_147,rugged,147,terrain_rugged_147_easy,terrain_rugged_147_medium,terrain_rugged_147_hard,maps/rugged/terrain_rugged_147_easy.json,maps/rugged/terrain_rugged_147_medium.json,maps/rugged/terrain_rugged_147_hard.json
train,terrain_rugged_148,rugged,148,terrain_rugged_148_easy,terrain_rugged_148_medium,terrain_rugged_148_hard,maps/rugged/terrain_rugged_148_easy.json,maps/rugged/terrain_rugged_148_medium.json,maps/rugged/terrain_rugged_148_hard.json
train,terrain_rugged_149,rugged,149,terrain_rugged_149_easy,terrain_rugged_149_medium,terrain_rugged_149_hard,maps/rugged/terrain_rugged_149_easy.json,maps/rugged/terrain_rugged_149_medium.json,maps/rugged/terrain_rugged_149_hard.json
train,terrain_rugged_150,rugged,150,terrain_rugged_150_easy,terrain_rugged_150_medium,terrain_rugged_150_hard,maps/rugged/terrain_rugged_150_easy.json,maps/rugged/terrain_rugged_150_medium.json,maps/rugged/terrain_rugged_150_hard.json
train,terrain_rugged_151,rugged,151,terrain_rugged_151_easy,terrain_rugged_151_medium,terrain_rugged_151_hard,maps/rugged/terrain_rugged_151_easy.json,maps/rugged/terrain_rugged_151_medium.json,maps/rugged/terrain_rugged_151_hard.json
train,terrain_rugged_152,rugged,152,terrain_rugged_152_easy,terrain_rugged_152_medium,terrain_rugged_152_hard,maps/rugged/terrain_rugged_152_easy.json,maps/rugged/terrain_rugged_152_medium.json,maps/rugged/terrain_rugged_152_hard.json
train,terrain_rugged_153,rugged,153,terrain_rugged_153_easy,terrain_rugged_153_medium,terrain_rugged_153_hard,maps/rugged/terrain_rugged_153_easy.json,maps/rugged/terrain_rugged_153_medium.json,maps/rugged/terrain_rugged_153_hard.json
train,terrain_rugged_154,rugged,154,terrain_rugged_154_easy,terrain_rugged_154_medium,terrain_rugged_154_hard,maps/rugged/terrain_rugged_154_easy.json,maps/rugged/terrain_rugged_154_medium.json,maps/rugged/terrain_rugged_154_hard.json
train,terrain_rugged_155,rugged,155,terrain_rugged_155_easy,terrain_rugged_155_medium,terrain_rugged_155_hard,maps/rugged/terrain_rugged_155_easy.json,maps/rugged/terrain_rugged_155_medium.json,maps/rugged/terrain_rugged_155_hard.json
train,terrain_rugged_156,rugged,156,terrain_rugged_156_easy,terrain_rugged_156_medium,terrain_rugged_156_hard,maps/rugged/terrain_rugged_156_easy.json,maps/rugged/terrain_rugged_156_medium.json,maps/rugged/terrain_rugged_156_hard.json
train,terrain_rugged_159,rugged,159,terrain_rugged_159_easy,terrain_rugged_159_medium,terrain_rugged_159_hard,maps/rugged/terrain_rugged_159_easy.json,maps/rugged/terrain_rugged_159_medium.json,maps/rugged/terrain_rugged_159_hard.json
train,terrain_rugged_160,rugged,160,terrain_rugged_160_easy,terrain_rugged_160_medium,terrain_rugged_160_hard,maps/rugged/terrain_rugged_160_easy.json,maps/rugged/terrain_rugged_160_medium.json,maps/rugged/terrain_rugged_160_hard.json
train,terrain_rugged_161,rugged,161,terrain_rugged_161_easy,terrain_rugged_161_medium,terrain_rugged_161_hard,maps/rugged/terrain_rugged_161_easy.json,maps/rugged/terrain_rugged_161_medium.json,maps/rugged/terrain_rugged_161_hard.json
train,terrain_rugged_162,rugged,162,terrain_rugged_162_easy,terrain_rugged_162_medium,terrain_rugged_162_hard,maps/rugged/terrain_rugged_162_easy.json,maps/rugged/terrain_rugged_162_medium.json,maps/rugged/terrain_rugged_162_hard.json
train,terrain_rugged_166,rugged,166,terrain_rugged_166_easy,terrain_rugged_166_medium,terrain_rugged_166_hard,maps/rugged/terrain_rugged_166_easy.json,maps/rugged/terrain_rugged_166_medium.json,maps/rugged/terrain_rugged_166_hard.json
train,terrain_rugged_167,rugged,167,terrain_rugged_167_easy,terrain_rugged_167_medium,terrain_rugged_167_hard,maps/rugged/terrain_rugged_167_easy.json,maps/rugged/terrain_rugged_167_medium.json,maps/rugged/terrain_rugged_167_hard.json
train,terrain_rugged_168,rugged,168,terrain_rugged_168_easy,terrain_rugged_168_medium,terrain_rugged_168_hard,maps/rugged/terrain_rugged_168_easy.json,maps/rugged/terrain_rugged_168_medium.json,maps/rugged/terrain_rugged_168_hard.json
train,terrain_rugged_170,rugged,170,terrain_rugged_170_easy,terrain_rugged_170_medium,terrain_rugged_170_hard,maps/rugged/terrain_rugged_170_easy.json,maps/rugged/terrain_rugged_170_medium.json,maps/rugged/terrain_rugged_170_hard.json
train,terrain_rugged_171,rugged,171,terrain_rugged_171_easy,terrain_rugged_171_medium,terrain_rugged_171_hard,maps/rugged/terrain_rugged_171_easy.json,maps/rugged/terrain_rugged_171_medium.json,maps/rugged/terrain_rugged_171_hard.json
train,terrain_rugged_175,rugged,175,terrain_rugged_175_easy,terrain_rugged_175_medium,terrain_rugged_175_hard,maps/rugged/terrain_rugged_175_easy.json,maps/rugged/terrain_rugged_175_medium.json,maps/rugged/terrain_rugged_175_hard.json
train,terrain_rugged_176,rugged,176,terrain_rugged_176_easy,terrain_rugged_176_medium,terrain_rugged_176_hard,maps/rugged/terrain_rugged_176_easy.json,maps/rugged/terrain_rugged_176_medium.json,maps/rugged/terrain_rugged_176_hard.json
train,terrain_rugged_177,rugged,177,terrain_rugged_177_easy,terrain_rugged_177_medium,terrain_rugged_177_hard,maps/rugged/terrain_rugged_177_easy.json,maps/rugged/terrain_rugged_177_medium.json,maps/rugged/terrain_rugged_177_hard.json
train,terrain_rugged_178,rugged,178,terrain_rugged_178_easy,terrain_rugged_178_medium,terrain_rugged_178_hard,maps/rugged/terrain_rugged_178_easy.json,maps/rugged/terrain_rugged_178_medium.json,maps/rugged/terrain_rugged_178_hard.json
train,terrain_rugged_179,rugged,179,terrain_rugged_179_easy,terrain_rugged_179_medium,terrain_rugged_179_hard,maps/rugged/terrain_rugged_179_easy.json,maps/rugged/terrain_rugged_179_medium.json,maps/rugged/terrain_rugged_179_hard.json
train,terrain_rugged_180,rugged,180,terrain_rugged_180_easy,terrain_rugged_180_medium,terrain_rugged_180_hard,maps/rugged/terrain_rugged_180_easy.json,maps/rugged/terrain_rugged_180_medium.json,maps/rugged/terrain_rugged_180_hard.json
train,terrain_rugged_181,rugged,181,terrain_rugged_181_easy,terrain_rugged_181_medium,terrain_rugged_181_hard,maps/rugged/terrain_rugged_181_easy.json,maps/rugged/terrain_rugged_181_medium.json,maps/rugged/terrain_rugged_181_hard.json
train,terrain_rugged_182,rugged,182,terrain_rugged_182_easy,terrain_rugged_182_medium,terrain_rugged_182_hard,maps/rugged/terrain_rugged_182_easy.json,maps/rugged/terrain_rugged_182_medium.json,maps/rugged/terrain_rugged_182_hard.json
train,terrain_rugged_183,rugged,183,terrain_rugged_183_easy,terrain_rugged_183_medium,terrain_rugged_183_hard,maps/rugged/terrain_rugged_183_easy.json,maps/rugged/terrain_rugged_183_medium.json,maps/rugged/terrain_rugged_183_hard.json
train,terrain_rugged_184,rugged,184,terrain_rugged_184_easy,terrain_rugged_184_medium,terrain_rugged_184_hard,maps/rugged/terrain_rugged_184_easy.json,maps/rugged/terrain_rugged_184_medium.json,maps/rugged/terrain_rugged_184_hard.json
train,terrain_rugged_186,rugged,186,terrain_rugged_186_easy,terrain_rugged_186_medium,terrain_rugged_186_hard,maps/rugged/terrain_rugged_186_easy.json,maps/rugged/terrain_rugged_186_medium.json,maps/rugged/terrain_rugged_186_hard.json
train,terrain_rugged_187,rugged,187,terrain_rugged_187_easy,terrain_rugged_187_medium,terrain_rugged_187_hard,maps/rugged/terrain_rugged_187_easy.json,maps/rugged/terrain_rugged_187_medium.json,maps/rugged/terrain_rugged_187_hard.json
train,terrain_rugged_188,rugged,188,terrain_rugged_188_easy,terrain_rugged_188_medium,terrain_rugged_188_hard,maps/rugged/terrain_rugged_188_easy.json,maps/rugged/terrain_rugged_188_medium.json,maps/rugged/terrain_rugged_188_hard.json
train,terrain_rugged_191,rugged,191,terrain_rugged_191_easy,terrain_rugged_191_medium,terrain_rugged_191_hard,maps/rugged/terrain_rugged_191_easy.json,maps/rugged/terrain_rugged_191_medium.json,maps/rugged/terrain_rugged_191_hard.json
train,terrain_rugged_193,rugged,193,terrain_rugged_193_easy,terrain_rugged_193_medium,terrain_rugged_193_hard,maps/rugged/terrain_rugged_193_easy.json,maps/rugged/terrain_rugged_193_medium.json,maps/rugged/terrain_rugged_193_hard.json
train,terrain_rugged_194,rugged,194,terrain_rugged_194_easy,terrain_rugged_194_medium,terrain_rugged_194_hard,maps/rugged/terrain_rugged_194_easy.json,maps/rugged/terrain_rugged_194_medium.json,maps/rugged/terrain_rugged_194_hard.json
train,terrain_rugged_198,rugged,198,terrain_rugged_198_easy,terrain_rugged_198_medium,terrain_rugged_198_hard,maps/rugged/terrain_rugged_198_easy.json,maps/rugged/terrain_rugged_198_medium.json,maps/rugged/terrain_rugged_198_hard.json
train,terrain_rugged_201,rugged,201,terrain_rugged_201_easy,terrain_rugged_201_medium,terrain_rugged_201_hard,maps/rugged/terrain_rugged_201_easy.json,maps/rugged/terrain_rugged_201_medium.json,maps/rugged/terrain_rugged_201_hard.json
train,terrain_rugged_202,rugged,202,terrain_rugged_202_easy,terrain_rugged_202_medium,terrain_rugged_202_hard,maps/rugged/terrain_rugged_202_easy.json,maps/rugged/terrain_rugged_202_medium.json,maps/rugged/terrain_rugged_202_hard.json
train,terrain_rugged_203,rugged,203,terrain_rugged_203_easy,terrain_rugged_203_medium,terrain_rugged_203_hard,maps/rugged/terrain_rugged_203_easy.json,maps/rugged/terrain_rugged_203_medium.json,maps/rugged/terrain_rugged_203_hard.json
train,terrain_rugged_205,rugged,205,terrain_rugged_205_easy,terrain_rugged_205_medium,terrain_rugged_205_hard,maps/rugged/terrain_rugged_205_easy.json,maps/rugged/terrain_rugged_205_medium.json,maps/rugged/terrain_rugged_205_hard.json
train,terrain_rugged_206,rugged,206,terrain_rugged_206_easy,terrain_rugged_206_medium,terrain_rugged_206_hard,maps/rugged/terrain_rugged_206_easy.json,maps/rugged/terrain_rugged_206_medium.json,maps/rugged/terrain_rugged_206_hard.json
train,terrain_rugged_207,rugged,207,terrain_rugged_207_easy,terrain_rugged_207_medium,terrain_rugged_207_hard,maps/rugged/terrain_rugged_207_easy.json,maps/rugged/terrain_rugged_207_medium.json,maps/rugged/terrain_rugged_207_hard.json
train,terrain_rugged_208,rugged,208,terrain_rugged_208_easy,terrain_rugged_208_medium,terrain_rugged_208_hard,maps/rugged/terrain_rugged_208_easy.json,maps/rugged/terrain_rugged_208_medium.json,maps/rugged/terrain_rugged_208_hard.json
train,terrain_rugged_209,rugged,209,terrain_rugged_209_easy,terrain_rugged_209_medium,terrain_rugged_209_hard,maps/rugged/terrain_rugged_209_easy.json,maps/rugged/terrain_rugged_209_medium.json,maps/rugged/terrain_rugged_209_hard.json
train,terrain_rugged_212,rugged,212,terrain_rugged_212_easy,terrain_rugged_212_medium,terrain_rugged_212_hard,maps/rugged/terrain_rugged_212_easy.json,maps/rugged/terrain_rugged_212_medium.json,maps/rugged/terrain_rugged_212_hard.json
train,terrain_rugged_213,rugged,213,terrain_rugged_213_easy,terrain_rugged_213_medium,terrain_rugged_213_hard,maps/rugged/terrain_rugged_213_easy.json,maps/rugged/terrain_rugged_213_medium.json,maps/rugged/terrain_rugged_213_hard.json
train,terrain_rugged_214,rugged,214,terrain_rugged_214_easy,terrain_rugged_214_medium,terrain_rugged_214_hard,maps/rugged/terrain_rugged_214_easy.json,maps/rugged/terrain_rugged_214_medium.json,maps/rugged/terrain_rugged_214_hard.json
train,terrain_rugged_215,rugged,215,terrain_rugged_215_easy,terrain_rugged_215_medium,terrain_rugged_215_hard,maps/rugged/terrain_rugged_215_easy.json,maps/rugged/terrain_rugged_215_medium.json,maps/rugged/terrain_rugged_215_hard.json
train,terrain_rugged_217,rugged,217,terrain_rugged_217_easy,terrain_rugged_217_medium,terrain_rugged_217_hard,maps/rugged/terrain_rugged_217_easy.json,maps/rugged/terrain_rugged_217_medium.json,maps/rugged/terrain_rugged_217_hard.json
train,terrain_rugged_218,rugged,218,terrain_rugged_218_easy,terrain_rugged_218_medium,terrain_rugged_218_hard,maps/rugged/terrain_rugged_218_easy.json,maps/rugged/terrain_rugged_218_medium.json,maps/rugged/terrain_rugged_218_hard.json
train,terrain_rugged_219,rugged,219,terrain_rugged_219_easy,terrain_rugged_219_medium,terrain_rugged_219_hard,maps/rugged/terrain_rugged_219_easy.json,maps/rugged/terrain_rugged_219_medium.json,maps/rugged/terrain_rugged_219_hard.json
train,terrain_rugged_220,rugged,220,terrain_rugged_220_easy,terrain_rugged_220_medium,terrain_rugged_220_hard,maps/rugged/terrain_rugged_220_easy.json,maps/rugged/terrain_rugged_220_medium.json,maps/rugged/terrain_rugged_220_hard.json
train,terrain_rugged_221,rugged,221,terrain_rugged_221_easy,terrain_rugged_221_medium,terrain_rugged_221_hard,maps/rugged/terrain_rugged_221_easy.json,maps/rugged/terrain_rugged_221_medium.json,maps/rugged/terrain_rugged_221_hard.json
train,terrain_rugged_222,rugged,222,terrain_rugged_222_easy,terrain_rugged_222_medium,terrain_rugged_222_hard,maps/rugged/terrain_rugged_222_easy.json,maps/rugged/terrain_rugged_222_medium.json,maps/rugged/terrain_rugged_222_hard.json
train,terrain_rugged_225,rugged,225,terrain_rugged_225_easy,terrain_rugged_225_medium,terrain_rugged_225_hard,maps/rugged/terrain_rugged_225_easy.json,maps/rugged/terrain_rugged_225_medium.json,maps/rugged/terrain_rugged_225_hard.json
train,terrain_rugged_226,rugged,226,terrain_rugged_226_easy,terrain_rugged_226_medium,terrain_rugged_226_hard,maps/rugged/terrain_rugged_226_easy.json,maps/rugged/terrain_rugged_226_medium.json,maps/rugged/terrain_rugged_226_hard.json
train,terrain_rugged_228,rugged,228,terrain_rugged_228_easy,terrain_rugged_228_medium,terrain_rugged_228_hard,maps/rugged/terrain_rugged_228_easy.json,maps/rugged/terrain_rugged_228_medium.json,maps/rugged/terrain_rugged_228_hard.json
train,terrain_rugged_229,rugged,229,terrain_rugged_229_easy,terrain_rugged_229_medium,terrain_rugged_229_hard,maps/rugged/terrain_rugged_229_easy.json,maps/rugged/terrain_rugged_229_medium.json,maps/rugged/terrain_rugged_229_hard.json
train,terrain_rugged_230,rugged,230,terrain_rugged_230_easy,terrain_rugged_230_medium,terrain_rugged_230_hard,maps/rugged/terrain_rugged_230_easy.json,maps/rugged/terrain_rugged_230_medium.json,maps/rugged/terrain_rugged_230_hard.json
train,terrain_rugged_231,rugged,231,terrain_rugged_231_easy,terrain_rugged_231_medium,terrain_rugged_231_hard,maps/rugged/terrain_rugged_231_easy.json,maps/rugged/terrain_rugged_231_medium.json,maps/rugged/terrain_rugged_231_hard.json
train,terrain_rugged_233,rugged,233,terrain_rugged_233_easy,terrain_rugged_233_medium,terrain_rugged_233_hard,maps/rugged/terrain_rugged_233_easy.json,maps/rugged/terrain_rugged_233_medium.json,maps/rugged/terrain_rugged_233_hard.json
train,terrain_rugged_234,rugged,234,terrain_rugged_234_easy,terrain_rugged_234_medium,terrain_rugged_234_hard,maps/rugged/terrain_rugged_234_easy.json,maps/rugged/terrain_rugged_234_medium.json,maps/rugged/terrain_rugged_234_hard.json
train,terrain_rugged_235,rugged,235,terrain_rugged_235_easy,terrain_rugged_235_medium,terrain_rugged_235_hard,maps/rugged/terrain_rugged_235_easy.json,maps/rugged/terrain_rugged_235_medium.json,maps/rugged/terrain_rugged_235_hard.json
train,terrain_rugged_236,rugged,236,terrain_rugged_236_easy,terrain_rugged_236_medium,terrain_rugged_236_hard,maps/rugged/terrain_rugged_236_easy.json,maps/rugged/terrain_rugged_236_medium.json,maps/rugged/terrain_rugged_236_hard.json
train,terrain_rugged_238,rugged,238,terrain_rugged_238_easy,terrain_rugged_238_medium,terrain_rugged_238_hard,maps/rugged/terrain_rugged_238_easy.json,maps/rugged/terrain_rugged_238_medium.json,maps/rugged/terrain_rugged_238_hard.json
train,terrain_rugged_239,rugged,239,terrain_rugged_239_easy,terrain_rugged_239_medium,terrain_rugged_239_hard,maps/rugged/terrain_rugged_239_easy.json,maps/rugged/terrain_rugged_239_medium.json,maps/rugged/terrain_rugged_239_hard.json
train,terrain_rugged_240,rugged,240,terrain_rugged_240_easy,terrain_rugged_240_medium,terrain_rugged_240_hard,maps/rugged/terrain_rugged_240_easy.json,maps/rugged/terrain_rugged_240_medium.json,maps/rugged/terrain_rugged_240_hard.json
train,terrain_rugged_241,rugged,241,terrain_rugged_241_easy,terrain_rugged_241_medium,terrain_rugged_241_hard,maps/rugged/terrain_rugged_241_easy.json,maps/rugged/terrain_rugged_241_medium.json,maps/rugged/terrain_rugged_241_hard.json
train,terrain_rugged_244,rugged,244,terrain_rugged_244_easy,terrain_rugged_244_medium,terrain_rugged_244_hard,maps/rugged/terrain_rugged_244_easy.json,maps/rugged/terrain_rugged_244_medium.json,maps/rugged/terrain_rugged_244_hard.json
train,terrain_rugged_245,rugged,245,terrain_rugged_245_easy,terrain_rugged_245_medium,terrain_rugged_245_hard,maps/rugged/terrain_rugged_245_easy.json,maps/rugged/terrain_rugged_245_medium.json,maps/rugged/terrain_rugged_245_hard.json
train,terrain_rugged_246,rugged,246,terrain_rugged_246_easy,terrain_rugged_246_medium,terrain_rugged_246_hard,maps/rugged/terrain_rugged_246_easy.json,maps/rugged/terrain_rugged_246_medium.json,maps/rugged/terrain_rugged_246_hard.json
train,terrain_rugged_247,rugged,247,terrain_rugged_247_easy,terrain_rugged_247_medium,terrain_rugged_247_hard,maps/rugged/terrain_rugged_247_easy.json,maps/rugged/terrain_rugged_247_medium.json,maps/rugged/terrain_rugged_247_hard.json
train,terrain_rugged_248,rugged,248,terrain_rugged_248_easy,terrain_rugged_248_medium,terrain_rugged_248_hard,maps/rugged/terrain_rugged_248_easy.json,maps/rugged/terrain_rugged_248_medium.json,maps/rugged/terrain_rugged_248_hard.json
train,terrain_rugged_251,rugged,251,terrain_rugged_251_easy,terrain_rugged_251_medium,terrain_rugged_251_hard,maps/rugged/terrain_rugged_251_easy.json,maps/rugged/terrain_rugged_251_medium.json,maps/rugged/terrain_rugged_251_hard.json
train,terrain_rugged_252,rugged,252,terrain_rugged_252_easy,terrain_rugged_252_medium,terrain_rugged_252_hard,maps/rugged/terrain_rugged_252_easy.json,maps/rugged/terrain_rugged_252_medium.json,maps/rugged/terrain_rugged_252_hard.json
train,terrain_rugged_253,rugged,253,terrain_rugged_253_easy,terrain_rugged_253_medium,terrain_rugged_253_hard,maps/rugged/terrain_rugged_253_easy.json,maps/rugged/terrain_rugged_253_medium.json,maps/rugged/terrain_rugged_253_hard.json
train,terrain_rugged_256,rugged,256,terrain_rugged_256_easy,terrain_rugged_256_medium,terrain_rugged_256_hard,maps/rugged/terrain_rugged_256_easy.json,maps/rugged/terrain_rugged_256_medium.json,maps/rugged/terrain_rugged_256_hard.json
train,terrain_rugged_257,rugged,257,terrain_rugged_257_easy,terrain_rugged_257_medium,terrain_rugged_257_hard,maps/rugged/terrain_rugged_257_easy.json,maps/rugged/terrain_rugged_257_medium.json,maps/rugged/terrain_rugged_257_hard.json
train,terrain_rugged_258,rugged,258,terrain_rugged_258_easy,terrain_rugged_258_medium,terrain_rugged_258_hard,maps/rugged/terrain_rugged_258_easy.json,maps/rugged/terrain_rugged_258_medium.json,maps/rugged/terrain_rugged_258_hard.json
train,terrain_rugged_259,rugged,259,terrain_rugged_259_easy,terrain_rugged_259_medium,terrain_rugged_259_hard,maps/rugged/terrain_rugged_259_easy.json,maps/rugged/terrain_rugged_259_medium.json,maps/rugged/terrain_rugged_259_hard.json
train,terrain_rugged_261,rugged,261,terrain_rugged_261_easy,terrain_rugged_261_medium,terrain_rugged_261_hard,maps/rugged/terrain_rugged_261_easy.json,maps/rugged/terrain_rugged_261_medium.json,maps/rugged/terrain_rugged_261_hard.json
train,terrain_rugged_262,rugged,262,terrain_rugged_262_easy,terrain_rugged_262_medium,terrain_rugged_262_hard,maps/rugged/terrain_rugged_262_easy.json,maps/rugged/terrain_rugged_262_medium.json,maps/rugged/terrain_rugged_262_hard.json
train,terrain_rugged_263,rugged,263,terrain_rugged_263_easy,terrain_rugged_263_medium,terrain_rugged_263_hard,maps/rugged/terrain_rugged_263_easy.json,maps/rugged/terrain_rugged_263_medium.json,maps/rugged/terrain_rugged_263_hard.json
train,terrain_rugged_264,rugged,264,terrain_rugged_264_easy,terrain_rugged_264_medium,terrain_rugged_264_hard,maps/rugged/terrain_rugged_264_easy.json,maps/rugged/terrain_rugged_264_medium.json,maps/rugged/terrain_rugged_264_hard.json
train,terrain_rugged_265,rugged,265,terrain_rugged_265_easy,terrain_rugged_265_medium,terrain_rugged_265_hard,maps/rugged/terrain_rugged_265_easy.json,maps/rugged/terrain_rugged_265_medium.json,maps/rugged/terrain_rugged_265_hard.json
train,terrain_rugged_266,rugged,266,terrain_rugged_266_easy,terrain_rugged_266_medium,terrain_rugged_266_hard,maps/rugged/terrain_rugged_266_easy.json,maps/rugged/terrain_rugged_266_medium.json,maps/rugged/terrain_rugged_266_hard.json
train,terrain_rugged_267,rugged,267,terrain_rugged_267_easy,terrain_rugged_267_medium,terrain_rugged_267_hard,maps/rugged/terrain_rugged_267_easy.json,maps/rugged/terrain_rugged_267_medium.json,maps/rugged/terrain_rugged_267_hard.json
train,terrain_rugged_269,rugged,269,terrain_rugged_269_easy,terrain_rugged_269_medium,terrain_rugged_269_hard,maps/rugged/terrain_rugged_269_easy.json,maps/rugged/terrain_rugged_269_medium.json,maps/rugged/terrain_rugged_269_hard.json
train,terrain_rugged_270,rugged,270,terrain_rugged_270_easy,terrain_rugged_270_medium,terrain_rugged_270_hard,maps/rugged/terrain_rugged_270_easy.json,maps/rugged/terrain_rugged_270_medium.json,maps/rugged/terrain_rugged_270_hard.json
train,terrain_rugged_271,rugged,271,terrain_rugged_271_easy,terrain_rugged_271_medium,terrain_rugged_271_hard,maps/rugged/terrain_rugged_271_easy.json,maps/rugged/terrain_rugged_271_medium.json,maps/rugged/terrain_rugged_271_hard.json
train,terrain_rugged_273,rugged,273,terrain_rugged_273_easy,terrain_rugged_273_medium,terrain_rugged_273_hard,maps/rugged/terrain_rugged_273_easy.json,maps/rugged/terrain_rugged_273_medium.json,maps/rugged/terrain_rugged_273_hard.json
train,terrain_rugged_274,rugged,274,terrain_rugged_274_easy,terrain_rugged_274_medium,terrain_rugged_274_hard,maps/rugged/terrain_rugged_274_easy.json,maps/rugged/terrain_rugged_274_medium.json,maps/rugged/terrain_rugged_274_hard.json
train,terrain_rugged_275,rugged,275,terrain_rugged_275_easy,terrain_rugged_275_medium,terrain_rugged_275_hard,maps/rugged/terrain_rugged_275_easy.json,maps/rugged/terrain_rugged_275_medium.json,maps/rugged/terrain_rugged_275_hard.json
train,terrain_rugged_276,rugged,276,terrain_rugged_276_easy,terrain_rugged_276_medium,terrain_rugged_276_hard,maps/rugged/terrain_rugged_276_easy.json,maps/rugged/terrain_rugged_276_medium.json,maps/rugged/terrain_rugged_276_hard.json
train,terrain_rugged_278,rugged,278,terrain_rugged_278_easy,terrain_rugged_278_medium,terrain_rugged_278_hard,maps/rugged/terrain_rugged_278_easy.json,maps/rugged/terrain_rugged_278_medium.json,maps/rugged/terrain_rugged_278_hard.json
train,terrain_rugged_279,rugged,279,terrain_rugged_279_easy,terrain_rugged_279_medium,terrain_rugged_279_hard,maps/rugged/terrain_rugged_279_easy.json,maps/rugged/terrain_rugged_279_medium.json,maps/rugged/terrain_rugged_279_hard.json
train,terrain_rugged_280,rugged,280,terrain_rugged_280_easy,terrain_rugged_280_medium,terrain_rugged_280_hard,maps/rugged/terrain_rugged_280_easy.json,maps/rugged/terrain_rugged_280_medium.json,maps/rugged/terrain_rugged_280_hard.json
train,terrain_rugged_281,rugged,281,terrain_rugged_281_easy,terrain_rugged_281_medium,terrain_rugged_281_hard,maps/rugged/terrain_rugged_281_easy.json,maps/rugged/terrain_rugged_281_medium.json,maps/rugged/terrain_rugged_281_hard.json
train,terrain_rugged_283,rugged,283,terrain_rugged_283_easy,terrain_rugged_283_medium,terrain_rugged_283_hard,maps/rugged/terrain_rugged_283_easy.json,maps/rugged/terrain_rugged_283_medium.json,maps/rugged/terrain_rugged_283_hard.json
train,terrain_rugged_284,rugged,284,terrain_rugged_284_easy,terrain_rugged_284_medium,terrain_rugged_284_hard,maps/rugged/terrain_rugged_284_easy.json,maps/rugged/terrain_rugged_284_medium.json,maps/rugged/terrain_rugged_284_hard.json
train,terrain_rugged_285,rugged,285,terrain_rugged_285_easy,terrain_rugged_285_medium,terrain_rugged_285_hard,maps/rugged/terrain_rugged_285_easy.json,maps/rugged/terrain_rugged_285_medium.json,maps/rugged/terrain_rugged_285_hard.json
train,terrain_rugged_286,rugged,286,terrain_rugged_286_easy,terrain_rugged_286_medium,terrain_rugged_286_hard,maps/rugged/terrain_rugged_286_easy.json,maps/rugged/terrain_rugged_286_medium.json,maps/rugged/terrain_rugged_286_hard.json
train,terrain_rugged_288,rugged,288,terrain_rugged_288_easy,terrain_rugged_288_medium,terrain_rugged_288_hard,maps/rugged/terrain_rugged_288_easy.json,maps/rugged/terrain_rugged_288_medium.json,maps/rugged/terrain_rugged_288_hard.json
train,terrain_rugged_291,rugged,291,terrain_rugged_291_easy,terrain_rugged_291_medium,terrain_rugged_291_hard,maps/rugged/terrain_rugged_291_easy.json,maps/rugged/terrain_rugged_291_medium.json,maps/rugged/terrain_rugged_291_hard.json
train,terrain_rugged_292,rugged,292,terrain_rugged_292_easy,terrain_rugged_292_medium,terrain_rugged_292_hard,maps/rugged/terrain_rugged_292_easy.json,maps/rugged/terrain_rugged_292_medium.json,maps/rugged/terrain_rugged_292_hard.json
train,terrain_rugged_293,rugged,293,terrain_rugged_293_easy,terrain_rugged_293_medium,terrain_rugged_293_hard,maps/rugged/terrain_rugged_293_easy.json,maps/rugged/terrain_rugged_293_medium.json,maps/rugged/terrain_rugged_293_hard.json
train,terrain_rugged_294,rugged,294,terrain_rugged_294_easy,terrain_rugged_294_medium,terrain_rugged_294_hard,maps/rugged/terrain_rugged_294_easy.json,maps/rugged/terrain_rugged_294_medium.json,maps/rugged/terrain_rugged_294_hard.json
train,terrain_rugged_295,rugged,295,terrain_rugged_295_easy,terrain_rugged_295_medium,terrain_rugged_295_hard,maps/rugged/terrain_rugged_295_easy.json,maps/rugged/terrain_rugged_295_medium.json,maps/rugged/terrain_rugged_295_hard.json
train,terrain_rugged_296,rugged,296,terrain_rugged_296_easy,terrain_rugged_296_medium,terrain_rugged_296_hard,maps/rugged/terrain_rugged_296_easy.json,maps/rugged/terrain_rugged_296_medium.json,maps/rugged/terrain_rugged_296_hard.json
train,terrain_rugged_297,rugged,297,terrain_rugged_297_easy,terrain_rugged_297_medium,terrain_rugged_297_hard,maps/rugged/terrain_rugged_297_easy.json,maps/rugged/terrain_rugged_297_medium.json,maps/rugged/terrain_rugged_297_hard.json
train,terrain_rugged_298,rugged,298,terrain_rugged_298_easy,terrain_rugged_298_medium,terrain_rugged_298_hard,maps/rugged/terrain_rugged_298_easy.json,maps/rugged/terrain_rugged_298_medium.json,maps/rugged/terrain_rugged_298_hard.json
train,terrain_rugged_299,rugged,299,terrain_rugged_299_easy,terrain_rugged_299_medium,terrain_rugged_299_hard,maps/rugged/terrain_rugged_299_easy.json,maps/rugged/terrain_rugged_299_medium.json,maps/rugged/terrain_rugged_299_hard.json
train,terrain_rugged_300,rugged,300,terrain_rugged_300_easy,terrain_rugged_300_medium,terrain_rugged_300_hard,maps/rugged/terrain_rugged_300_easy.json,maps/rugged/terrain_rugged_300_medium.json,maps/rugged/terrain_rugged_300_hard.json
train,terrain_rugged_305,rugged,305,terrain_rugged_305_easy,terrain_rugged_305_medium,terrain_rugged_305_hard,maps/rugged/terrain_rugged_305_easy.json,maps/rugged/terrain_rugged_305_medium.json,maps/rugged/terrain_rugged_305_hard.json
train,terrain_rugged_307,rugged,307,terrain_rugged_307_easy,terrain_rugged_307_medium,terrain_rugged_307_hard,maps/rugged/terrain_rugged_307_easy.json,maps/rugged/terrain_rugged_307_medium.json,maps/rugged/terrain_rugged_307_hard.json
train,terrain_rugged_308,rugged,308,terrain_rugged_308_easy,terrain_rugged_308_medium,terrain_rugged_308_hard,maps/rugged/terrain_rugged_308_easy.json,maps/rugged/terrain_rugged_308_medium.json,maps/rugged/terrain_rugged_308_hard.json
train,terrain_rugged_309,rugged,309,terrain_rugged_309_easy,terrain_rugged_309_medium,terrain_rugged_309_hard,maps/rugged/terrain_rugged_309_easy.json,maps/rugged/terrain_rugged_309_medium.json,maps/rugged/terrain_rugged_309_hard.json
train,terrain_rugged_310,rugged,310,terrain_rugged_310_easy,terrain_rugged_310_medium,terrain_rugged_310_hard,maps/rugged/terrain_rugged_310_easy.json,maps/rugged/terrain_rugged_310_medium.json,maps/rugged/terrain_rugged_310_hard.json
train,terrain_rugged_311,rugged,311,terrain_rugged_311_easy,terrain_rugged_311_medium,terrain_rugged_311_hard,maps/rugged/terrain_rugged_311_easy.json,maps/rugged/terrain_rugged_311_medium.json,maps/rugged/terrain_rugged_311_hard.json
train,terrain_rugged_313,rugged,313,terrain_rugged_313_easy,terrain_rugged_313_medium,terrain_rugged_313_hard,maps/rugged/terrain_rugged_313_easy.json,maps/rugged/terrain_rugged_313_medium.json,maps/rugged/terrain_rugged_313_hard.json
train,terrain_rugged_314,rugged,314,terrain_rugged_314_easy,terrain_rugged_314_medium,terrain_rugged_314_hard,maps/rugged/terrain_rugged_314_easy.json,maps/rugged/terrain_rugged_314_medium.json,maps/rugged/terrain_rugged_314_hard.json
train,terrain_rugged_315,rugged,315,terrain_rugged_315_easy,terrain_rugged_315_medium,terrain_rugged_315_hard,maps/rugged/terrain_rugged_315_easy.json,maps/rugged/terrain_rugged_315_medium.json,maps/rugged/terrain_rugged_315_hard.json
train,terrain_rugged_317,rugged,317,terrain_rugged_317_easy,terrain_rugged_317_medium,terrain_rugged_317_hard,maps/rugged/terrain_rugged_317_easy.json,maps/rugged/terrain_rugged_317_medium.json,maps/rugged/terrain_rugged_317_hard.json
train,terrain_rugged_318,rugged,318,terrain_rugged_318_easy,terrain_rugged_318_medium,terrain_rugged_318_hard,maps/rugged/terrain_rugged_318_easy.json,maps/rugged/terrain_rugged_318_medium.json,maps/rugged/terrain_rugged_318_hard.json
train,terrain_rugged_321,rugged,321,terrain_rugged_321_easy,terrain_rugged_321_medium,terrain_rugged_321_hard,maps/rugged/terrain_rugged_321_easy.json,maps/rugged/terrain_rugged_321_medium.json,maps/rugged/terrain_rugged_321_hard.json
train,terrain_rugged_322,rugged,322,terrain_rugged_322_easy,terrain_rugged_322_medium,terrain_rugged_322_hard,maps/rugged/terrain_rugged_322_easy.json,maps/rugged/terrain_rugged_322_medium.json,maps/rugged/terrain_rugged_322_hard.json
train,terrain_rugged_323,rugged,323,terrain_rugged_323_easy,terrain_rugged_323_medium,terrain_rugged_323_hard,maps/rugged/terrain_rugged_323_easy.json,maps/rugged/terrain_rugged_323_medium.json,maps/rugged/terrain_rugged_323_hard.json
train,terrain_rugged_324,rugged,324,terrain_rugged_324_easy,terrain_rugged_324_medium,terrain_rugged_324_hard,maps/rugged/terrain_rugged_324_easy.json,maps/rugged/terrain_rugged_324_medium.json,maps/rugged/terrain_rugged_324_hard.json
train,terrain_rugged_325,rugged,325,terrain_rugged_325_easy,terrain_rugged_325_medium,terrain_rugged_325_hard,maps/rugged/terrain_rugged_325_easy.json,maps/rugged/terrain_rugged_325_medium.json,maps/rugged/terrain_rugged_325_hard.json
train,terrain_rugged_326,rugged,326,terrain_rugged_326_easy,terrain_rugged_326_medium,terrain_rugged_326_hard,maps/rugged/terrain_rugged_326_easy.json,maps/rugged/terrain_rugged_326_medium.json,maps/rugged/terrain_rugged_326_hard.json
train,terrain_rugged_327,rugged,327,terrain_rugged_327_easy,terrain_rugged_327_medium,terrain_rugged_327_hard,maps/rugged/terrain_rugged_327_easy.json,maps/rugged/terrain_rugged_327_medium.json,maps/rugged/terrain_rugged_327_hard.json
train,terrain_rugged_331,rugged,331,terrain_rugged_331_easy,terrain_rugged_331_medium,terrain_rugged_331_hard,maps/rugged/terrain_rugged_331_easy.json,maps/rugged/terrain_rugged_331_medium.json,maps/rugged/terrain_rugged_331_hard.json
train,terrain_rugged_332,rugged,332,terrain_rugged_332_easy,terrain_rugged_332_medium,terrain_rugged_332_hard,maps/rugged/terrain_rugged_332_easy.json,maps/rugged/terrain_rugged_332_medium.json,maps/rugged/terrain_rugged_332_hard.json
train,terrain_rugged_333,rugged,333,terrain_rugged_333_easy,terrain_rugged_333_medium,terrain_rugged_333_hard,maps/rugged/terrain_rugged_333_easy.json,maps/rugged/terrain_rugged_333_medium.json,maps/rugged/terrain_rugged_333_hard.json
train,terrain_plateau_001,plateau,1,terrain_plateau_001_easy,terrain_plateau_001_medium,terrain_plateau_001_hard,maps/plateau/terrain_plateau_001_easy.json,maps/plateau/terrain_plateau_001_medium.json,maps/plateau/terrain_plateau_001_hard.json
train,terrain_plateau_002,plateau,2,terrain_plateau_002_easy,terrain_plateau_002_medium,terrain_plateau_002_hard,maps/plateau/terrain_plateau_002_easy.json,maps/plateau/terrain_plateau_002_medium.json,maps/plateau/terrain_plateau_002_hard.json
train,terrain_plateau_003,plateau,3,terrain_plateau_003_easy,terrain_plateau_003_medium,terrain_plateau_003_hard,maps/plateau/terrain_plateau_003_easy.json,maps/plateau/terrain_plateau_003_medium.json,maps/plateau/terrain_plateau_003_hard.json
train,terrain_plateau_005,plateau,5,terrain_plateau_005_easy,terrain_plateau_005_medium,terrain_plateau_005_hard,maps/plateau/terrain_plateau_005_easy.json,maps/plateau/terrain_plateau_005_medium.json,maps/plateau/terrain_plateau_005_hard.json
train,terrain_plateau_006,plateau,6,terrain_plateau_006_easy,terrain_plateau_006_medium,terrain_plateau_006_hard,maps/plateau/terrain_plateau_006_easy.json,maps/plateau/terrain_plateau_006_medium.json,maps/plateau/terrain_plateau_006_hard.json
train,terrain_plateau_009,plateau,9,terrain_plateau_009_easy,terrain_plateau_009_medium,terrain_plateau_009_hard,maps/plateau/terrain_plateau_009_easy.json,maps/plateau/terrain_plateau_009_medium.json,maps/plateau/terrain_plateau_009_hard.json
train,terrain_plateau_011,plateau,11,terrain_plateau_011_easy,terrain_plateau_011_medium,terrain_plateau_011_hard,maps/plateau/terrain_plateau_011_easy.json,maps/plateau/terrain_plateau_011_medium.json,maps/plateau/terrain_plateau_011_hard.json
train,terrain_plateau_013,plateau,13,terrain_plateau_013_easy,terrain_plateau_013_medium,terrain_plateau_013_hard,maps/plateau/terrain_plateau_013_easy.json,maps/plateau/terrain_plateau_013_medium.json,maps/plateau/terrain_plateau_013_hard.json
train,terrain_plateau_014,plateau,14,terrain_plateau_014_easy,terrain_plateau_014_medium,terrain_plateau_014_hard,maps/plateau/terrain_plateau_014_easy.json,maps/plateau/terrain_plateau_014_medium.json,maps/plateau/terrain_plateau_014_hard.json
train,terrain_plateau_015,plateau,15,terrain_plateau_015_easy,terrain_plateau_015_medium,terrain_plateau_015_hard,maps/plateau/terrain_plateau_015_easy.json,maps/plateau/terrain_plateau_015_medium.json,maps/plateau/terrain_plateau_015_hard.json
train,terrain_plateau_020,plateau,20,terrain_plateau_020_easy,terrain_plateau_020_medium,terrain_plateau_020_hard,maps/plateau/terrain_plateau_020_easy.json,maps/plateau/terrain_plateau_020_medium.json,maps/plateau/terrain_plateau_020_hard.json
train,terrain_plateau_021,plateau,21,terrain_plateau_021_easy,terrain_plateau_021_medium,terrain_plateau_021_hard,maps/plateau/terrain_plateau_021_easy.json,maps/plateau/terrain_plateau_021_medium.json,maps/plateau/terrain_plateau_021_hard.json
train,terrain_plateau_022,plateau,22,terrain_plateau_022_easy,terrain_plateau_022_medium,terrain_plateau_022_hard,maps/plateau/terrain_plateau_022_easy.json,maps/plateau/terrain_plateau_022_medium.json,maps/plateau/terrain_plateau_022_hard.json
train,terrain_plateau_023,plateau,23,terrain_plateau_023_easy,terrain_plateau_023_medium,terrain_plateau_023_hard,maps/plateau/terrain_plateau_023_easy.json,maps/plateau/terrain_plateau_023_medium.json,maps/plateau/terrain_plateau_023_hard.json
train,terrain_plateau_024,plateau,24,terrain_plateau_024_easy,terrain_plateau_024_medium,terrain_plateau_024_hard,maps/plateau/terrain_plateau_024_easy.json,maps/plateau/terrain_plateau_024_medium.json,maps/plateau/terrain_plateau_024_hard.json
train,terrain_plateau_025,plateau,25,terrain_plateau_025_easy,terrain_plateau_025_medium,terrain_plateau_025_hard,maps/plateau/terrain_plateau_025_easy.json,maps/plateau/terrain_plateau_025_medium.json,maps/plateau/terrain_plateau_025_hard.json
train,terrain_plateau_026,plateau,26,terrain_plateau_026_easy,terrain_plateau_026_medium,terrain_plateau_026_hard,maps/plateau/terrain_plateau_026_easy.json,maps/plateau/terrain_plateau_026_medium.json,maps/plateau/terrain_plateau_026_hard.json
train,terrain_plateau_027,plateau,27,terrain_plateau_027_easy,terrain_plateau_027_medium,terrain_plateau_027_hard,maps/plateau/terrain_plateau_027_easy.json,maps/plateau/terrain_plateau_027_medium.json,maps/plateau/terrain_plateau_027_hard.json
train,terrain_plateau_029,plateau,29,terrain_plateau_029_easy,terrain_plateau_029_medium,terrain_plateau_029_hard,maps/plateau/terrain_plateau_029_easy.json,maps/plateau/terrain_plateau_029_medium.json,maps/plateau/terrain_plateau_029_hard.json
train,terrain_plateau_030,plateau,30,terrain_plateau_030_easy,terrain_plateau_030_medium,terrain_plateau_030_hard,maps/plateau/terrain_plateau_030_easy.json,maps/plateau/terrain_plateau_030_medium.json,maps/plateau/terrain_plateau_030_hard.json
train,terrain_plateau_032,plateau,32,terrain_plateau_032_easy,terrain_plateau_032_medium,terrain_plateau_032_hard,maps/plateau/terrain_plateau_032_easy.json,maps/plateau/terrain_plateau_032_medium.json,maps/plateau/terrain_plateau_032_hard.json
train,terrain_plateau_033,plateau,33,terrain_plateau_033_easy,terrain_plateau_033_medium,terrain_plateau_033_hard,maps/plateau/terrain_plateau_033_easy.json,maps/plateau/terrain_plateau_033_medium.json,maps/plateau/terrain_plateau_033_hard.json
train,terrain_plateau_035,plateau,35,terrain_plateau_035_easy,terrain_plateau_035_medium,terrain_plateau_035_hard,maps/plateau/terrain_plateau_035_easy.json,maps/plateau/terrain_plateau_035_medium.json,maps/plateau/terrain_plateau_035_hard.json
train,terrain_plateau_036,plateau,36,terrain_plateau_036_easy,terrain_plateau_036_medium,terrain_plateau_036_hard,maps/plateau/terrain_plateau_036_easy.json,maps/plateau/terrain_plateau_036_medium.json,maps/plateau/terrain_plateau_036_hard.json
train,terrain_plateau_038,plateau,38,terrain_plateau_038_easy,terrain_plateau_038_medium,terrain_plateau_038_hard,maps/plateau/terrain_plateau_038_easy.json,maps/plateau/terrain_plateau_038_medium.json,maps/plateau/terrain_plateau_038_hard.json
train,terrain_plateau_039,plateau,39,terrain_plateau_039_easy,terrain_plateau_039_medium,terrain_plateau_039_hard,maps/plateau/terrain_plateau_039_easy.json,maps/plateau/terrain_plateau_039_medium.json,maps/plateau/terrain_plateau_039_hard.json
train,terrain_plateau_040,plateau,40,terrain_plateau_040_easy,terrain_plateau_040_medium,terrain_plateau_040_hard,maps/plateau/terrain_plateau_040_easy.json,maps/plateau/terrain_plateau_040_medium.json,maps/plateau/terrain_plateau_040_hard.json
train,terrain_plateau_043,plateau,43,terrain_plateau_043_easy,terrain_plateau_043_medium,terrain_plateau_043_hard,maps/plateau/terrain_plateau_043_easy.json,maps/plateau/terrain_plateau_043_medium.json,maps/plateau/terrain_plateau_043_hard.json
train,terrain_plateau_044,plateau,44,terrain_plateau_044_easy,terrain_plateau_044_medium,terrain_plateau_044_hard,maps/plateau/terrain_plateau_044_easy.json,maps/plateau/terrain_plateau_044_medium.json,maps/plateau/terrain_plateau_044_hard.json
train,terrain_plateau_045,plateau,45,terrain_plateau_045_easy,terrain_plateau_045_medium,terrain_plateau_045_hard,maps/plateau/terrain_plateau_045_easy.json,maps/plateau/terrain_plateau_045_medium.json,maps/plateau/terrain_plateau_045_hard.json
train,terrain_plateau_046,plateau,46,terrain_plateau_046_easy,terrain_plateau_046_medium,terrain_plateau_046_hard,maps/plateau/terrain_plateau_046_easy.json,maps/plateau/terrain_plateau_046_medium.json,maps/plateau/terrain_plateau_046_hard.json
train,terrain_plateau_047,plateau,47,terrain_plateau_047_easy,terrain_plateau_047_medium,terrain_plateau_047_hard,maps/plateau/terrain_plateau_047_easy.json,maps/plateau/terrain_plateau_047_medium.json,maps/plateau/terrain_plateau_047_hard.json
train,terrain_plateau_049,plateau,49,terrain_plateau_049_easy,terrain_plateau_049_medium,terrain_plateau_049_hard,maps/plateau/terrain_plateau_049_easy.json,maps/plateau/terrain_plateau_049_medium.json,maps/plateau/terrain_plateau_049_hard.json
train,terrain_plateau_051,plateau,51,terrain_plateau_051_easy,terrain_plateau_051_medium,terrain_plateau_051_hard,maps/plateau/terrain_plateau_051_easy.json,maps/plateau/terrain_plateau_051_medium.json,maps/plateau/terrain_plateau_051_hard.json
train,terrain_plateau_053,plateau,53,terrain_plateau_053_easy,terrain_plateau_053_medium,terrain_plateau_053_hard,maps/plateau/terrain_plateau_053_easy.json,maps/plateau/terrain_plateau_053_medium.json,maps/plateau/terrain_plateau_053_hard.json
train,terrain_plateau_054,plateau,54,terrain_plateau_054_easy,terrain_plateau_054_medium,terrain_plateau_054_hard,maps/plateau/terrain_plateau_054_easy.json,maps/plateau/terrain_plateau_054_medium.json,maps/plateau/terrain_plateau_054_hard.json
train,terrain_plateau_055,plateau,55,terrain_plateau_055_easy,terrain_plateau_055_medium,terrain_plateau_055_hard,maps/plateau/terrain_plateau_055_easy.json,maps/plateau/terrain_plateau_055_medium.json,maps/plateau/terrain_plateau_055_hard.json
train,terrain_plateau_056,plateau,56,terrain_plateau_056_easy,terrain_plateau_056_medium,terrain_plateau_056_hard,maps/plateau/terrain_plateau_056_easy.json,maps/plateau/terrain_plateau_056_medium.json,maps/plateau/terrain_plateau_056_hard.json
train,terrain_plateau_058,plateau,58,terrain_plateau_058_easy,terrain_plateau_058_medium,terrain_plateau_058_hard,maps/plateau/terrain_plateau_058_easy.json,maps/plateau/terrain_plateau_058_medium.json,maps/plateau/terrain_plateau_058_hard.json
train,terrain_plateau_060,plateau,60,terrain_plateau_060_easy,terrain_plateau_060_medium,terrain_plateau_060_hard,maps/plateau/terrain_plateau_060_easy.json,maps/plateau/terrain_plateau_060_medium.json,maps/plateau/terrain_plateau_060_hard.json
train,terrain_plateau_061,plateau,61,terrain_plateau_061_easy,terrain_plateau_061_medium,terrain_plateau_061_hard,maps/plateau/terrain_plateau_061_easy.json,maps/plateau/terrain_plateau_061_medium.json,maps/plateau/terrain_plateau_061_hard.json
train,terrain_plateau_062,plateau,62,terrain_plateau_062_easy,terrain_plateau_062_medium,terrain_plateau_062_hard,maps/plateau/terrain_plateau_062_easy.json,maps/plateau/terrain_plateau_062_medium.json,maps/plateau/terrain_plateau_062_hard.json
train,terrain_plateau_065,plateau,65,terrain_plateau_065_easy,terrain_plateau_065_medium,terrain_plateau_065_hard,maps/plateau/terrain_plateau_065_easy.json,maps/plateau/terrain_plateau_065_medium.json,maps/plateau/terrain_plateau_065_hard.json
train,terrain_plateau_066,plateau,66,terrain_plateau_066_easy,terrain_plateau_066_medium,terrain_plateau_066_hard,maps/plateau/terrain_plateau_066_easy.json,maps/plateau/terrain_plateau_066_medium.json,maps/plateau/terrain_plateau_066_hard.json
train,terrain_plateau_068,plateau,68,terrain_plateau_068_easy,terrain_plateau_068_medium,terrain_plateau_068_hard,maps/plateau/terrain_plateau_068_easy.json,maps/plateau/terrain_plateau_068_medium.json,maps/plateau/terrain_plateau_068_hard.json
train,terrain_plateau_069,plateau,69,terrain_plateau_069_easy,terrain_plateau_069_medium,terrain_plateau_069_hard,maps/plateau/terrain_plateau_069_easy.json,maps/plateau/terrain_plateau_069_medium.json,maps/plateau/terrain_plateau_069_hard.json
train,terrain_plateau_070,plateau,70,terrain_plateau_070_easy,terrain_plateau_070_medium,terrain_plateau_070_hard,maps/plateau/terrain_plateau_070_easy.json,maps/plateau/terrain_plateau_070_medium.json,maps/plateau/terrain_plateau_070_hard.json
train,terrain_plateau_071,plateau,71,terrain_plateau_071_easy,terrain_plateau_071_medium,terrain_plateau_071_hard,maps/plateau/terrain_plateau_071_easy.json,maps/plateau/terrain_plateau_071_medium.json,maps/plateau/terrain_plateau_071_hard.json
train,terrain_plateau_072,plateau,72,terrain_plateau_072_easy,terrain_plateau_072_medium,terrain_plateau_072_hard,maps/plateau/terrain_plateau_072_easy.json,maps/plateau/terrain_plateau_072_medium.json,maps/plateau/terrain_plateau_072_hard.json
train,terrain_plateau_073,plateau,73,terrain_plateau_073_easy,terrain_plateau_073_medium,terrain_plateau_073_hard,maps/plateau/terrain_plateau_073_easy.json,maps/plateau/terrain_plateau_073_medium.json,maps/plateau/terrain_plateau_073_hard.json
train,terrain_plateau_074,plateau,74,terrain_plateau_074_easy,terrain_plateau_074_medium,terrain_plateau_074_hard,maps/plateau/terrain_plateau_074_easy.json,maps/plateau/terrain_plateau_074_medium.json,maps/plateau/terrain_plateau_074_hard.json
train,terrain_plateau_076,plateau,76,terrain_plateau_076_easy,terrain_plateau_076_medium,terrain_plateau_076_hard,maps/plateau/terrain_plateau_076_easy.json,maps/plateau/terrain_plateau_076_medium.json,maps/plateau/terrain_plateau_076_hard.json
train,terrain_plateau_077,plateau,77,terrain_plateau_077_easy,terrain_plateau_077_medium,terrain_plateau_077_hard,maps/plateau/terrain_plateau_077_easy.json,maps/plateau/terrain_plateau_077_medium.json,maps/plateau/terrain_plateau_077_hard.json
train,terrain_plateau_079,plateau,79,terrain_plateau_079_easy,terrain_plateau_079_medium,terrain_plateau_079_hard,maps/plateau/terrain_plateau_079_easy.json,maps/plateau/terrain_plateau_079_medium.json,maps/plateau/terrain_plateau_079_hard.json
train,terrain_plateau_080,plateau,80,terrain_plateau_080_easy,terrain_plateau_080_medium,terrain_plateau_080_hard,maps/plateau/terrain_plateau_080_easy.json,maps/plateau/terrain_plateau_080_medium.json,maps/plateau/terrain_plateau_080_hard.json
train,terrain_plateau_082,plateau,82,terrain_plateau_082_easy,terrain_plateau_082_medium,terrain_plateau_082_hard,maps/plateau/terrain_plateau_082_easy.json,maps/plateau/terrain_plateau_082_medium.json,maps/plateau/terrain_plateau_082_hard.json
train,terrain_plateau_083,plateau,83,terrain_plateau_083_easy,terrain_plateau_083_medium,terrain_plateau_083_hard,maps/plateau/terrain_plateau_083_easy.json,maps/plateau/terrain_plateau_083_medium.json,maps/plateau/terrain_plateau_083_hard.json
train,terrain_plateau_084,plateau,84,terrain_plateau_084_easy,terrain_plateau_084_medium,terrain_plateau_084_hard,maps/plateau/terrain_plateau_084_easy.json,maps/plateau/terrain_plateau_084_medium.json,maps/plateau/terrain_plateau_084_hard.json
train,terrain_plateau_085,plateau,85,terrain_plateau_085_easy,terrain_plateau_085_medium,terrain_plateau_085_hard,maps/plateau/terrain_plateau_085_easy.json,maps/plateau/terrain_plateau_085_medium.json,maps/plateau/terrain_plateau_085_hard.json
train,terrain_plateau_087,plateau,87,terrain_plateau_087_easy,terrain_plateau_087_medium,terrain_plateau_087_hard,maps/plateau/terrain_plateau_087_easy.json,maps/plateau/terrain_plateau_087_medium.json,maps/plateau/terrain_plateau_087_hard.json
train,terrain_plateau_088,plateau,88,terrain_plateau_088_easy,terrain_plateau_088_medium,terrain_plateau_088_hard,maps/plateau/terrain_plateau_088_easy.json,maps/plateau/terrain_plateau_088_medium.json,maps/plateau/terrain_plateau_088_hard.json
train,terrain_plateau_089,plateau,89,terrain_plateau_089_easy,terrain_plateau_089_medium,terrain_plateau_089_hard,maps/plateau/terrain_plateau_089_easy.json,maps/plateau/terrain_plateau_089_medium.json,maps/plateau/terrain_plateau_089_hard.json
train,terrain_plateau_091,plateau,91,terrain_plateau_091_easy,terrain_plateau_091_medium,terrain_plateau_091_hard,maps/plateau/terrain_plateau_091_easy.json,maps/plateau/terrain_plateau_091_medium.json,maps/plateau/terrain_plateau_091_hard.json
train,terrain_plateau_093,plateau,93,terrain_plateau_093_easy,terrain_plateau_093_medium,terrain_plateau_093_hard,maps/plateau/terrain_plateau_093_easy.json,maps/plateau/terrain_plateau_093_medium.json,maps/plateau/terrain_plateau_093_hard.json
train,terrain_plateau_095,plateau,95,terrain_plateau_095_easy,terrain_plateau_095_medium,terrain_plateau_095_hard,maps/plateau/terrain_plateau_095_easy.json,maps/plateau/terrain_plateau_095_medium.json,maps/plateau/terrain_plateau_095_hard.json
train,terrain_plateau_097,plateau,97,terrain_plateau_097_easy,terrain_plateau_097_medium,terrain_plateau_097_hard,maps/plateau/terrain_plateau_097_easy.json,maps/plateau/terrain_plateau_097_medium.json,maps/plateau/terrain_plateau_097_hard.json
train,terrain_plateau_098,plateau,98,terrain_plateau_098_easy,terrain_plateau_098_medium,terrain_plateau_098_hard,maps/plateau/terrain_plateau_098_easy.json,maps/plateau/terrain_plateau_098_medium.json,maps/plateau/terrain_plateau_098_hard.json
train,terrain_plateau_099,plateau,99,terrain_plateau_099_easy,terrain_plateau_099_medium,terrain_plateau_099_hard,maps/plateau/terrain_plateau_099_easy.json,maps/plateau/terrain_plateau_099_medium.json,maps/plateau/terrain_plateau_099_hard.json
train,terrain_plateau_100,plateau,100,terrain_plateau_100_easy,terrain_plateau_100_medium,terrain_plateau_100_hard,maps/plateau/terrain_plateau_100_easy.json,maps/plateau/terrain_plateau_100_medium.json,maps/plateau/terrain_plateau_100_hard.json
train,terrain_plateau_101,plateau,101,terrain_plateau_101_easy,terrain_plateau_101_medium,terrain_plateau_101_hard,maps/plateau/terrain_plateau_101_easy.json,maps/plateau/terrain_plateau_101_medium.json,maps/plateau/terrain_plateau_101_hard.json
train,terrain_plateau_102,plateau,102,terrain_plateau_102_easy,terrain_plateau_102_medium,terrain_plateau_102_hard,maps/plateau/terrain_plateau_102_easy.json,maps/plateau/terrain_plateau_102_medium.json,maps/plateau/terrain_plateau_102_hard.json
train,terrain_plateau_104,plateau,104,terrain_plateau_104_easy,terrain_plateau_104_medium,terrain_plateau_104_hard,maps/plateau/terrain_plateau_104_easy.json,maps/plateau/terrain_plateau_104_medium.json,maps/plateau/terrain_plateau_104_hard.json
train,terrain_plateau_109,plateau,109,terrain_plateau_109_easy,terrain_plateau_109_medium,terrain_plateau_109_hard,maps/plateau/terrain_plateau_109_easy.json,maps/plateau/terrain_plateau_109_medium.json,maps/plateau/terrain_plateau_109_hard.json
train,terrain_plateau_110,plateau,110,terrain_plateau_110_easy,terrain_plateau_110_medium,terrain_plateau_110_hard,maps/plateau/terrain_plateau_110_easy.json,maps/plateau/terrain_plateau_110_medium.json,maps/plateau/terrain_plateau_110_hard.json
train,terrain_plateau_111,plateau,111,terrain_plateau_111_easy,terrain_plateau_111_medium,terrain_plateau_111_hard,maps/plateau/terrain_plateau_111_easy.json,maps/plateau/terrain_plateau_111_medium.json,maps/plateau/terrain_plateau_111_hard.json
train,terrain_plateau_115,plateau,115,terrain_plateau_115_easy,terrain_plateau_115_medium,terrain_plateau_115_hard,maps/plateau/terrain_plateau_115_easy.json,maps/plateau/terrain_plateau_115_medium.json,maps/plateau/terrain_plateau_115_hard.json
train,terrain_plateau_116,plateau,116,terrain_plateau_116_easy,terrain_plateau_116_medium,terrain_plateau_116_hard,maps/plateau/terrain_plateau_116_easy.json,maps/plateau/terrain_plateau_116_medium.json,maps/plateau/terrain_plateau_116_hard.json
train,terrain_plateau_117,plateau,117,terrain_plateau_117_easy,terrain_plateau_117_medium,terrain_plateau_117_hard,maps/plateau/terrain_plateau_117_easy.json,maps/plateau/terrain_plateau_117_medium.json,maps/plateau/terrain_plateau_117_hard.json
train,terrain_plateau_118,plateau,118,terrain_plateau_118_easy,terrain_plateau_118_medium,terrain_plateau_118_hard,maps/plateau/terrain_plateau_118_easy.json,maps/plateau/terrain_plateau_118_medium.json,maps/plateau/terrain_plateau_118_hard.json
train,terrain_plateau_119,plateau,119,terrain_plateau_119_easy,terrain_plateau_119_medium,terrain_plateau_119_hard,maps/plateau/terrain_plateau_119_easy.json,maps/plateau/terrain_plateau_119_medium.json,maps/plateau/terrain_plateau_119_hard.json
train,terrain_plateau_122,plateau,122,terrain_plateau_122_easy,terrain_plateau_122_medium,terrain_plateau_122_hard,maps/plateau/terrain_plateau_122_easy.json,maps/plateau/terrain_plateau_122_medium.json,maps/plateau/terrain_plateau_122_hard.json
train,terrain_plateau_123,plateau,123,terrain_plateau_123_easy,terrain_plateau_123_medium,terrain_plateau_123_hard,maps/plateau/terrain_plateau_123_easy.json,maps/plateau/terrain_plateau_123_medium.json,maps/plateau/terrain_plateau_123_hard.json
train,terrain_plateau_124,plateau,124,terrain_plateau_124_easy,terrain_plateau_124_medium,terrain_plateau_124_hard,maps/plateau/terrain_plateau_124_easy.json,maps/plateau/terrain_plateau_124_medium.json,maps/plateau/terrain_plateau_124_hard.json
train,terrain_plateau_125,plateau,125,terrain_plateau_125_easy,terrain_plateau_125_medium,terrain_plateau_125_hard,maps/plateau/terrain_plateau_125_easy.json,maps/plateau/terrain_plateau_125_medium.json,maps/plateau/terrain_plateau_125_hard.json
train,terrain_plateau_126,plateau,126,terrain_plateau_126_easy,terrain_plateau_126_medium,terrain_plateau_126_hard,maps/plateau/terrain_plateau_126_easy.json,maps/plateau/terrain_plateau_126_medium.json,maps/plateau/terrain_plateau_126_hard.json
train,terrain_plateau_127,plateau,127,terrain_plateau_127_easy,terrain_plateau_127_medium,terrain_plateau_127_hard,maps/plateau/terrain_plateau_127_easy.json,maps/plateau/terrain_plateau_127_medium.json,maps/plateau/terrain_plateau_127_hard.json
train,terrain_plateau_128,plateau,128,terrain_plateau_128_easy,terrain_plateau_128_medium,terrain_plateau_128_hard,maps/plateau/terrain_plateau_128_easy.json,maps/plateau/terrain_plateau_128_medium.json,maps/plateau/terrain_plateau_128_hard.json
train,terrain_plateau_129,plateau,129,terrain_plateau_129_easy,terrain_plateau_129_medium,terrain_plateau_129_hard,maps/plateau/terrain_plateau_129_easy.json,maps/plateau/terrain_plateau_129_medium.json,maps/plateau/terrain_plateau_129_hard.json
train,terrain_plateau_130,plateau,130,terrain_plateau_130_easy,terrain_plateau_130_medium,terrain_plateau_130_hard,maps/plateau/terrain_plateau_130_easy.json,maps/plateau/terrain_plateau_130_medium.json,maps/plateau/terrain_plateau_130_hard.json
train,terrain_plateau_131,plateau,131,terrain_plateau_131_easy,terrain_plateau_131_medium,terrain_plateau_131_hard,maps/plateau/terrain_plateau_131_easy.json,maps/plateau/terrain_plateau_131_medium.json,maps/plateau/terrain_plateau_131_hard.json
train,terrain_plateau_132,plateau,132,terrain_plateau_132_easy,terrain_plateau_132_medium,terrain_plateau_132_hard,maps/plateau/terrain_plateau_132_easy.json,maps/plateau/terrain_plateau_132_medium.json,maps/plateau/terrain_plateau_132_hard.json
train,terrain_plateau_135,plateau,135,terrain_plateau_135_easy,terrain_plateau_135_medium,terrain_plateau_135_hard,maps/plateau/terrain_plateau_135_easy.json,maps/plateau/terrain_plateau_135_medium.json,maps/plateau/terrain_plateau_135_hard.json
train,terrain_plateau_136,plateau,136,terrain_plateau_136_easy,terrain_plateau_136_medium,terrain_plateau_136_hard,maps/plateau/terrain_plateau_136_easy.json,maps/plateau/terrain_plateau_136_medium.json,maps/plateau/terrain_plateau_136_hard.json
train,terrain_plateau_137,plateau,137,terrain_plateau_137_easy,terrain_plateau_137_medium,terrain_plateau_137_hard,maps/plateau/terrain_plateau_137_easy.json,maps/plateau/terrain_plateau_137_medium.json,maps/plateau/terrain_plateau_137_hard.json
train,terrain_plateau_139,plateau,139,terrain_plateau_139_easy,terrain_plateau_139_medium,terrain_plateau_139_hard,maps/plateau/terrain_plateau_139_easy.json,maps/plateau/terrain_plateau_139_medium.json,maps/plateau/terrain_plateau_139_hard.json
train,terrain_plateau_140,plateau,140,terrain_plateau_140_easy,terrain_plateau_140_medium,terrain_plateau_140_hard,maps/plateau/terrain_plateau_140_easy.json,maps/plateau/terrain_plateau_140_medium.json,maps/plateau/terrain_plateau_140_hard.json
train,terrain_plateau_141,plateau,141,terrain_plateau_141_easy,terrain_plateau_141_medium,terrain_plateau_141_hard,maps/plateau/terrain_plateau_141_easy.json,maps/plateau/terrain_plateau_141_medium.json,maps/plateau/terrain_plateau_141_hard.json
train,terrain_plateau_142,plateau,142,terrain_plateau_142_easy,terrain_plateau_142_medium,terrain_plateau_142_hard,maps/plateau/terrain_plateau_142_easy.json,maps/plateau/terrain_plateau_142_medium.json,maps/plateau/terrain_plateau_142_hard.json
train,terrain_plateau_143,plateau,143,terrain_plateau_143_easy,terrain_plateau_143_medium,terrain_plateau_143_hard,maps/plateau/terrain_plateau_143_easy.json,maps/plateau/terrain_plateau_143_medium.json,maps/plateau/terrain_plateau_143_hard.json
train,terrain_plateau_144,plateau,144,terrain_plateau_144_easy,terrain_plateau_144_medium,terrain_plateau_144_hard,maps/plateau/terrain_plateau_144_easy.json,maps/plateau/terrain_plateau_144_medium.json,maps/plateau/terrain_plateau_144_hard.json
train,terrain_plateau_145,plateau,145,terrain_plateau_145_easy,terrain_plateau_145_medium,terrain_plateau_145_hard,maps/plateau/terrain_plateau_145_easy.json,maps/plateau/terrain_plateau_145_medium.json,maps/plateau/terrain_plateau_145_hard.json
train,terrain_plateau_146,plateau,146,terrain_plateau_146_easy,terrain_plateau_146_medium,terrain_plateau_146_hard,maps/plateau/terrain_plateau_146_easy.json,maps/plateau/terrain_plateau_146_medium.json,maps/plateau/terrain_plateau_146_hard.json
train,terrain_plateau_147,plateau,147,terrain_plateau_147_easy,terrain_plateau_147_medium,terrain_plateau_147_hard,maps/plateau/terrain_plateau_147_easy.json,maps/plateau/terrain_plateau_147_medium.json,maps/plateau/terrain_plateau_147_hard.json
train,terrain_plateau_148,plateau,148,terrain_plateau_148_easy,terrain_plateau_148_medium,terrain_plateau_148_hard,maps/plateau/terrain_plateau_148_easy.json,maps/plateau/terrain_plateau_148_medium.json,maps/plateau/terrain_plateau_148_hard.json
train,terrain_plateau_149,plateau,149,terrain_plateau_149_easy,terrain_plateau_149_medium,terrain_plateau_149_hard,maps/plateau/terrain_plateau_149_easy.json,maps/plateau/terrain_plateau_149_medium.json,maps/plateau/terrain_plateau_149_hard.json
train,terrain_plateau_151,plateau,151,terrain_plateau_151_easy,terrain_plateau_151_medium,terrain_plateau_151_hard,maps/plateau/terrain_plateau_151_easy.json,maps/plateau/terrain_plateau_151_medium.json,maps/plateau/terrain_plateau_151_hard.json
train,terrain_plateau_152,plateau,152,terrain_plateau_152_easy,terrain_plateau_152_medium,terrain_plateau_152_hard,maps/plateau/terrain_plateau_152_easy.json,maps/plateau/terrain_plateau_152_medium.json,maps/plateau/terrain_plateau_152_hard.json
train,terrain_plateau_153,plateau,153,terrain_plateau_153_easy,terrain_plateau_153_medium,terrain_plateau_153_hard,maps/plateau/terrain_plateau_153_easy.json,maps/plateau/terrain_plateau_153_medium.json,maps/plateau/terrain_plateau_153_hard.json
train,terrain_plateau_154,plateau,154,terrain_plateau_154_easy,terrain_plateau_154_medium,terrain_plateau_154_hard,maps/plateau/terrain_plateau_154_easy.json,maps/plateau/terrain_plateau_154_medium.json,maps/plateau/terrain_plateau_154_hard.json
train,terrain_plateau_155,plateau,155,terrain_plateau_155_easy,terrain_plateau_155_medium,terrain_plateau_155_hard,maps/plateau/terrain_plateau_155_easy.json,maps/plateau/terrain_plateau_155_medium.json,maps/plateau/terrain_plateau_155_hard.json
train,terrain_plateau_156,plateau,156,terrain_plateau_156_easy,terrain_plateau_156_medium,terrain_plateau_156_hard,maps/plateau/terrain_plateau_156_easy.json,maps/plateau/terrain_plateau_156_medium.json,maps/plateau/terrain_plateau_156_hard.json
train,terrain_plateau_158,plateau,158,terrain_plateau_158_easy,terrain_plateau_158_medium,terrain_plateau_158_hard,maps/plateau/terrain_plateau_158_easy.json,maps/plateau/terrain_plateau_158_medium.json,maps/plateau/terrain_plateau_158_hard.json
train,terrain_plateau_160,plateau,160,terrain_plateau_160_easy,terrain_plateau_160_medium,terrain_plateau_160_hard,maps/plateau/terrain_plateau_160_easy.json,maps/plateau/terrain_plateau_160_medium.json,maps/plateau/terrain_plateau_160_hard.json
train,terrain_plateau_161,plateau,161,terrain_plateau_161_easy,terrain_plateau_161_medium,terrain_plateau_161_hard,maps/plateau/terrain_plateau_161_easy.json,maps/plateau/terrain_plateau_161_medium.json,maps/plateau/terrain_plateau_161_hard.json
train,terrain_plateau_162,plateau,162,terrain_plateau_162_easy,terrain_plateau_162_medium,terrain_plateau_162_hard,maps/plateau/terrain_plateau_162_easy.json,maps/plateau/terrain_plateau_162_medium.json,maps/plateau/terrain_plateau_162_hard.json
train,terrain_plateau_163,plateau,163,terrain_plateau_163_easy,terrain_plateau_163_medium,terrain_plateau_163_hard,maps/plateau/terrain_plateau_163_easy.json,maps/plateau/terrain_plateau_163_medium.json,maps/plateau/terrain_plateau_163_hard.json
train,terrain_plateau_165,plateau,165,terrain_plateau_165_easy,terrain_plateau_165_medium,terrain_plateau_165_hard,maps/plateau/terrain_plateau_165_easy.json,maps/plateau/terrain_plateau_165_medium.json,maps/plateau/terrain_plateau_165_hard.json
train,terrain_plateau_169,plateau,169,terrain_plateau_169_easy,terrain_plateau_169_medium,terrain_plateau_169_hard,maps/plateau/terrain_plateau_169_easy.json,maps/plateau/terrain_plateau_169_medium.json,maps/plateau/terrain_plateau_169_hard.json
train,terrain_plateau_171,plateau,171,terrain_plateau_171_easy,terrain_plateau_171_medium,terrain_plateau_171_hard,maps/plateau/terrain_plateau_171_easy.json,maps/plateau/terrain_plateau_171_medium.json,maps/plateau/terrain_plateau_171_hard.json
train,terrain_plateau_172,plateau,172,terrain_plateau_172_easy,terrain_plateau_172_medium,terrain_plateau_172_hard,maps/plateau/terrain_plateau_172_easy.json,maps/plateau/terrain_plateau_172_medium.json,maps/plateau/terrain_plateau_172_hard.json
train,terrain_plateau_174,plateau,174,terrain_plateau_174_easy,terrain_plateau_174_medium,terrain_plateau_174_hard,maps/plateau/terrain_plateau_174_easy.json,maps/plateau/terrain_plateau_174_medium.json,maps/plateau/terrain_plateau_174_hard.json
train,terrain_plateau_175,plateau,175,terrain_plateau_175_easy,terrain_plateau_175_medium,terrain_plateau_175_hard,maps/plateau/terrain_plateau_175_easy.json,maps/plateau/terrain_plateau_175_medium.json,maps/plateau/terrain_plateau_175_hard.json
train,terrain_plateau_176,plateau,176,terrain_plateau_176_easy,terrain_plateau_176_medium,terrain_plateau_176_hard,maps/plateau/terrain_plateau_176_easy.json,maps/plateau/terrain_plateau_176_medium.json,maps/plateau/terrain_plateau_176_hard.json
train,terrain_plateau_177,plateau,177,terrain_plateau_177_easy,terrain_plateau_177_medium,terrain_plateau_177_hard,maps/plateau/terrain_plateau_177_easy.json,maps/plateau/terrain_plateau_177_medium.json,maps/plateau/terrain_plateau_177_hard.json
train,terrain_plateau_178,plateau,178,terrain_plateau_178_easy,terrain_plateau_178_medium,terrain_plateau_178_hard,maps/plateau/terrain_plateau_178_easy.json,maps/plateau/terrain_plateau_178_medium.json,maps/plateau/terrain_plateau_178_hard.json
train,terrain_plateau_181,plateau,181,terrain_plateau_181_easy,terrain_plateau_181_medium,terrain_plateau_181_hard,maps/plateau/terrain_plateau_181_easy.json,maps/plateau/terrain_plateau_181_medium.json,maps/plateau/terrain_plateau_181_hard.json
train,terrain_plateau_182,plateau,182,terrain_plateau_182_easy,terrain_plateau_182_medium,terrain_plateau_182_hard,maps/plateau/terrain_plateau_182_easy.json,maps/plateau/terrain_plateau_182_medium.json,maps/plateau/terrain_plateau_182_hard.json
train,terrain_plateau_183,plateau,183,terrain_plateau_183_easy,terrain_plateau_183_medium,terrain_plateau_183_hard,maps/plateau/terrain_plateau_183_easy.json,maps/plateau/terrain_plateau_183_medium.json,maps/plateau/terrain_plateau_183_hard.json
train,terrain_plateau_184,plateau,184,terrain_plateau_184_easy,terrain_plateau_184_medium,terrain_plateau_184_hard,maps/plateau/terrain_plateau_184_easy.json,maps/plateau/terrain_plateau_184_medium.json,maps/plateau/terrain_plateau_184_hard.json
train,terrain_plateau_185,plateau,185,terrain_plateau_185_easy,terrain_plateau_185_medium,terrain_plateau_185_hard,maps/plateau/terrain_plateau_185_easy.json,maps/plateau/terrain_plateau_185_medium.json,maps/plateau/terrain_plateau_185_hard.json
train,terrain_plateau_186,plateau,186,terrain_plateau_186_easy,terrain_plateau_186_medium,terrain_plateau_186_hard,maps/plateau/terrain_plateau_186_easy.json,maps/plateau/terrain_plateau_186_medium.json,maps/plateau/terrain_plateau_186_hard.json
train,terrain_plateau_187,plateau,187,terrain_plateau_187_easy,terrain_plateau_187_medium,terrain_plateau_187_hard,maps/plateau/terrain_plateau_187_easy.json,maps/plateau/terrain_plateau_187_medium.json,maps/plateau/terrain_plateau_187_hard.json
train,terrain_plateau_188,plateau,188,terrain_plateau_188_easy,terrain_plateau_188_medium,terrain_plateau_188_hard,maps/plateau/terrain_plateau_188_easy.json,maps/plateau/terrain_plateau_188_medium.json,maps/plateau/terrain_plateau_188_hard.json
train,terrain_plateau_189,plateau,189,terrain_plateau_189_easy,terrain_plateau_189_medium,terrain_plateau_189_hard,maps/plateau/terrain_plateau_189_easy.json,maps/plateau/terrain_plateau_189_medium.json,maps/plateau/terrain_plateau_189_hard.json
train,terrain_plateau_193,plateau,193,terrain_plateau_193_easy,terrain_plateau_193_medium,terrain_plateau_193_hard,maps/plateau/terrain_plateau_193_easy.json,maps/plateau/terrain_plateau_193_medium.json,maps/plateau/terrain_plateau_193_hard.json
train,terrain_plateau_195,plateau,195,terrain_plateau_195_easy,terrain_plateau_195_medium,terrain_plateau_195_hard,maps/plateau/terrain_plateau_195_easy.json,maps/plateau/terrain_plateau_195_medium.json,maps/plateau/terrain_plateau_195_hard.json
train,terrain_plateau_196,plateau,196,terrain_plateau_196_easy,terrain_plateau_196_medium,terrain_plateau_196_hard,maps/plateau/terrain_plateau_196_easy.json,maps/plateau/terrain_plateau_196_medium.json,maps/plateau/terrain_plateau_196_hard.json
train,terrain_plateau_197,plateau,197,terrain_plateau_197_easy,terrain_plateau_197_medium,terrain_plateau_197_hard,maps/plateau/terrain_plateau_197_easy.json,maps/plateau/terrain_plateau_197_medium.json,maps/plateau/terrain_plateau_197_hard.json
train,terrain_plateau_198,plateau,198,terrain_plateau_198_easy,terrain_plateau_198_medium,terrain_plateau_198_hard,maps/plateau/terrain_plateau_198_easy.json,maps/plateau/terrain_plateau_198_medium.json,maps/plateau/terrain_plateau_198_hard.json
train,terrain_plateau_199,plateau,199,terrain_plateau_199_easy,terrain_plateau_199_medium,terrain_plateau_199_hard,maps/plateau/terrain_plateau_199_easy.json,maps/plateau/terrain_plateau_199_medium.json,maps/plateau/terrain_plateau_199_hard.json
train,terrain_plateau_201,plateau,201,terrain_plateau_201_easy,terrain_plateau_201_medium,terrain_plateau_201_hard,maps/plateau/terrain_plateau_201_easy.json,maps/plateau/terrain_plateau_201_medium.json,maps/plateau/terrain_plateau_201_hard.json
train,terrain_plateau_202,plateau,202,terrain_plateau_202_easy,terrain_plateau_202_medium,terrain_plateau_202_hard,maps/plateau/terrain_plateau_202_easy.json,maps/plateau/terrain_plateau_202_medium.json,maps/plateau/terrain_plateau_202_hard.json
train,terrain_plateau_203,plateau,203,terrain_plateau_203_easy,terrain_plateau_203_medium,terrain_plateau_203_hard,maps/plateau/terrain_plateau_203_easy.json,maps/plateau/terrain_plateau_203_medium.json,maps/plateau/terrain_plateau_203_hard.json
train,terrain_plateau_204,plateau,204,terrain_plateau_204_easy,terrain_plateau_204_medium,terrain_plateau_204_hard,maps/plateau/terrain_plateau_204_easy.json,maps/plateau/terrain_plateau_204_medium.json,maps/plateau/terrain_plateau_204_hard.json
train,terrain_plateau_205,plateau,205,terrain_plateau_205_easy,terrain_plateau_205_medium,terrain_plateau_205_hard,maps/plateau/terrain_plateau_205_easy.json,maps/plateau/terrain_plateau_205_medium.json,maps/plateau/terrain_plateau_205_hard.json
train,terrain_plateau_208,plateau,208,terrain_plateau_208_easy,terrain_plateau_208_medium,terrain_plateau_208_hard,maps/plateau/terrain_plateau_208_easy.json,maps/plateau/terrain_plateau_208_medium.json,maps/plateau/terrain_plateau_208_hard.json
train,terrain_plateau_209,plateau,209,terrain_plateau_209_easy,terrain_plateau_209_medium,terrain_plateau_209_hard,maps/plateau/terrain_plateau_209_easy.json,maps/plateau/terrain_plateau_209_medium.json,maps/plateau/terrain_plateau_209_hard.json
train,terrain_plateau_210,plateau,210,terrain_plateau_210_easy,terrain_plateau_210_medium,terrain_plateau_210_hard,maps/plateau/terrain_plateau_210_easy.json,maps/plateau/terrain_plateau_210_medium.json,maps/plateau/terrain_plateau_210_hard.json
train,terrain_plateau_211,plateau,211,terrain_plateau_211_easy,terrain_plateau_211_medium,terrain_plateau_211_hard,maps/plateau/terrain_plateau_211_easy.json,maps/plateau/terrain_plateau_211_medium.json,maps/plateau/terrain_plateau_211_hard.json
train,terrain_plateau_214,plateau,214,terrain_plateau_214_easy,terrain_plateau_214_medium,terrain_plateau_214_hard,maps/plateau/terrain_plateau_214_easy.json,maps/plateau/terrain_plateau_214_medium.json,maps/plateau/terrain_plateau_214_hard.json
train,terrain_plateau_216,plateau,216,terrain_plateau_216_easy,terrain_plateau_216_medium,terrain_plateau_216_hard,maps/plateau/terrain_plateau_216_easy.json,maps/plateau/terrain_plateau_216_medium.json,maps/plateau/terrain_plateau_216_hard.json
train,terrain_plateau_217,plateau,217,terrain_plateau_217_easy,terrain_plateau_217_medium,terrain_plateau_217_hard,maps/plateau/terrain_plateau_217_easy.json,maps/plateau/terrain_plateau_217_medium.json,maps/plateau/terrain_plateau_217_hard.json
train,terrain_plateau_218,plateau,218,terrain_plateau_218_easy,terrain_plateau_218_medium,terrain_plateau_218_hard,maps/plateau/terrain_plateau_218_easy.json,maps/plateau/terrain_plateau_218_medium.json,maps/plateau/terrain_plateau_218_hard.json
train,terrain_plateau_219,plateau,219,terrain_plateau_219_easy,terrain_plateau_219_medium,terrain_plateau_219_hard,maps/plateau/terrain_plateau_219_easy.json,maps/plateau/terrain_plateau_219_medium.json,maps/plateau/terrain_plateau_219_hard.json
train,terrain_plateau_220,plateau,220,terrain_plateau_220_easy,terrain_plateau_220_medium,terrain_plateau_220_hard,maps/plateau/terrain_plateau_220_easy.json,maps/plateau/terrain_plateau_220_medium.json,maps/plateau/terrain_plateau_220_hard.json
train,terrain_plateau_222,plateau,222,terrain_plateau_222_easy,terrain_plateau_222_medium,terrain_plateau_222_hard,maps/plateau/terrain_plateau_222_easy.json,maps/plateau/terrain_plateau_222_medium.json,maps/plateau/terrain_plateau_222_hard.json
train,terrain_plateau_223,plateau,223,terrain_plateau_223_easy,terrain_plateau_223_medium,terrain_plateau_223_hard,maps/plateau/terrain_plateau_223_easy.json,maps/plateau/terrain_plateau_223_medium.json,maps/plateau/terrain_plateau_223_hard.json
train,terrain_plateau_224,plateau,224,terrain_plateau_224_easy,terrain_plateau_224_medium,terrain_plateau_224_hard,maps/plateau/terrain_plateau_224_easy.json,maps/plateau/terrain_plateau_224_medium.json,maps/plateau/terrain_plateau_224_hard.json
train,terrain_plateau_225,plateau,225,terrain_plateau_225_easy,terrain_plateau_225_medium,terrain_plateau_225_hard,maps/plateau/terrain_plateau_225_easy.json,maps/plateau/terrain_plateau_225_medium.json,maps/plateau/terrain_plateau_225_hard.json
train,terrain_plateau_226,plateau,226,terrain_plateau_226_easy,terrain_plateau_226_medium,terrain_plateau_226_hard,maps/plateau/terrain_plateau_226_easy.json,maps/plateau/terrain_plateau_226_medium.json,maps/plateau/terrain_plateau_226_hard.json
train,terrain_plateau_227,plateau,227,terrain_plateau_227_easy,terrain_plateau_227_medium,terrain_plateau_227_hard,maps/plateau/terrain_plateau_227_easy.json,maps/plateau/terrain_plateau_227_medium.json,maps/plateau/terrain_plateau_227_hard.json
train,terrain_plateau_228,plateau,228,terrain_plateau_228_easy,terrain_plateau_228_medium,terrain_plateau_228_hard,maps/plateau/terrain_plateau_228_easy.json,maps/plateau/terrain_plateau_228_medium.json,maps/plateau/terrain_plateau_228_hard.json
train,terrain_plateau_229,plateau,229,terrain_plateau_229_easy,terrain_plateau_229_medium,terrain_plateau_229_hard,maps/plateau/terrain_plateau_229_easy.json,maps/plateau/terrain_plateau_229_medium.json,maps/plateau/terrain_plateau_229_hard.json
train,terrain_plateau_231,plateau,231,terrain_plateau_231_easy,terrain_plateau_231_medium,terrain_plateau_231_hard,maps/plateau/terrain_plateau_231_easy.json,maps/plateau/terrain_plateau_231_medium.json,maps/plateau/terrain_plateau_231_hard.json
train,terrain_plateau_232,plateau,232,terrain_plateau_232_easy,terrain_plateau_232_medium,terrain_plateau_232_hard,maps/plateau/terrain_plateau_232_easy.json,maps/plateau/terrain_plateau_232_medium.json,maps/plateau/terrain_plateau_232_hard.json
train,terrain_plateau_235,plateau,235,terrain_plateau_235_easy,terrain_plateau_235_medium,terrain_plateau_235_hard,maps/plateau/terrain_plateau_235_easy.json,maps/plateau/terrain_plateau_235_medium.json,maps/plateau/terrain_plateau_235_hard.json
train,terrain_plateau_236,plateau,236,terrain_plateau_236_easy,terrain_plateau_236_medium,terrain_plateau_236_hard,maps/plateau/terrain_plateau_236_easy.json,maps/plateau/terrain_plateau_236_medium.json,maps/plateau/terrain_plateau_236_hard.json
train,terrain_plateau_237,plateau,237,terrain_plateau_237_easy,terrain_plateau_237_medium,terrain_plateau_237_hard,maps/plateau/terrain_plateau_237_easy.json,maps/plateau/terrain_plateau_237_medium.json,maps/plateau/terrain_plateau_237_hard.json
train,terrain_plateau_238,plateau,238,terrain_plateau_238_easy,terrain_plateau_238_medium,terrain_plateau_238_hard,maps/plateau/terrain_plateau_238_easy.json,maps/plateau/terrain_plateau_238_medium.json,maps/plateau/terrain_plateau_238_hard.json
train,terrain_plateau_239,plateau,239,terrain_plateau_239_easy,terrain_plateau_239_medium,terrain_plateau_239_hard,maps/plateau/terrain_plateau_239_easy.json,maps/plateau/terrain_plateau_239_medium.json,maps/plateau/terrain_plateau_239_hard.json
train,terrain_plateau_241,plateau,241,terrain_plateau_241_easy,terrain_plateau_241_medium,terrain_plateau_241_hard,maps/plateau/terrain_plateau_241_easy.json,maps/plateau/terrain_plateau_241_medium.json,maps/plateau/terrain_plateau_241_hard.json
train,terrain_plateau_242,plateau,242,terrain_plateau_242_easy,terrain_plateau_242_medium,terrain_plateau_242_hard,maps/plateau/terrain_plateau_242_easy.json,maps/plateau/terrain_plateau_242_medium.json,maps/plateau/terrain_plateau_242_hard.json
train,terrain_plateau_243,plateau,243,terrain_plateau_243_easy,terrain_plateau_243_medium,terrain_plateau_243_hard,maps/plateau/terrain_plateau_243_easy.json,maps/plateau/terrain_plateau_243_medium.json,maps/plateau/terrain_plateau_243_hard.json
train,terrain_plateau_246,plateau,246,terrain_plateau_246_easy,terrain_plateau_246_medium,terrain_plateau_246_hard,maps/plateau/terrain_plateau_246_easy.json,maps/plateau/terrain_plateau_246_medium.json,maps/plateau/terrain_plateau_246_hard.json
train,terrain_plateau_247,plateau,247,terrain_plateau_247_easy,terrain_plateau_247_medium,terrain_plateau_247_hard,maps/plateau/terrain_plateau_247_easy.json,maps/plateau/terrain_plateau_247_medium.json,maps/plateau/terrain_plateau_247_hard.json
train,terrain_plateau_248,plateau,248,terrain_plateau_248_easy,terrain_plateau_248_medium,terrain_plateau_248_hard,maps/plateau/terrain_plateau_248_easy.json,maps/plateau/terrain_plateau_248_medium.json,maps/plateau/terrain_plateau_248_hard.json
train,terrain_plateau_249,plateau,249,terrain_plateau_249_easy,terrain_plateau_249_medium,terrain_plateau_249_hard,maps/plateau/terrain_plateau_249_easy.json,maps/plateau/terrain_plateau_249_medium.json,maps/plateau/terrain_plateau_249_hard.json
train,terrain_plateau_250,plateau,250,terrain_plateau_250_easy,terrain_plateau_250_medium,terrain_plateau_250_hard,maps/plateau/terrain_plateau_250_easy.json,maps/plateau/terrain_plateau_250_medium.json,maps/plateau/terrain_plateau_250_hard.json
train,terrain_plateau_252,plateau,252,terrain_plateau_252_easy,terrain_plateau_252_medium,terrain_plateau_252_hard,maps/plateau/terrain_plateau_252_easy.json,maps/plateau/terrain_plateau_252_medium.json,maps/plateau/terrain_plateau_252_hard.json
train,terrain_plateau_253,plateau,253,terrain_plateau_253_easy,terrain_plateau_253_medium,terrain_plateau_253_hard,maps/plateau/terrain_plateau_253_easy.json,maps/plateau/terrain_plateau_253_medium.json,maps/plateau/terrain_plateau_253_hard.json
train,terrain_plateau_254,plateau,254,terrain_plateau_254_easy,terrain_plateau_254_medium,terrain_plateau_254_hard,maps/plateau/terrain_plateau_254_easy.json,maps/plateau/terrain_plateau_254_medium.json,maps/plateau/terrain_plateau_254_hard.json
train,terrain_plateau_255,plateau,255,terrain_plateau_255_easy,terrain_plateau_255_medium,terrain_plateau_255_hard,maps/plateau/terrain_plateau_255_easy.json,maps/plateau/terrain_plateau_255_medium.json,maps/plateau/terrain_plateau_255_hard.json
train,terrain_plateau_256,plateau,256,terrain_plateau_256_easy,terrain_plateau_256_medium,terrain_plateau_256_hard,maps/plateau/terrain_plateau_256_easy.json,maps/plateau/terrain_plateau_256_medium.json,maps/plateau/terrain_plateau_256_hard.json
train,terrain_plateau_257,plateau,257,terrain_plateau_257_easy,terrain_plateau_257_medium,terrain_plateau_257_hard,maps/plateau/terrain_plateau_257_easy.json,maps/plateau/terrain_plateau_257_medium.json,maps/plateau/terrain_plateau_257_hard.json
train,terrain_plateau_258,plateau,258,terrain_plateau_258_easy,terrain_plateau_258_medium,terrain_plateau_258_hard,maps/plateau/terrain_plateau_258_easy.json,maps/plateau/terrain_plateau_258_medium.json,maps/plateau/terrain_plateau_258_hard.json
train,terrain_plateau_259,plateau,259,terrain_plateau_259_easy,terrain_plateau_259_medium,terrain_plateau_259_hard,maps/plateau/terrain_plateau_259_easy.json,maps/plateau/terrain_plateau_259_medium.json,maps/plateau/terrain_plateau_259_hard.json
train,terrain_plateau_262,plateau,262,terrain_plateau_262_easy,terrain_plateau_262_medium,terrain_plateau_262_hard,maps/plateau/terrain_plateau_262_easy.json,maps/plateau/terrain_plateau_262_medium.json,maps/plateau/terrain_plateau_262_hard.json
train,terrain_plateau_263,plateau,263,terrain_plateau_263_easy,terrain_plateau_263_medium,terrain_plateau_263_hard,maps/plateau/terrain_plateau_263_easy.json,maps/plateau/terrain_plateau_263_medium.json,maps/plateau/terrain_plateau_263_hard.json
train,terrain_plateau_266,plateau,266,terrain_plateau_266_easy,terrain_plateau_266_medium,terrain_plateau_266_hard,maps/plateau/terrain_plateau_266_easy.json,maps/plateau/terrain_plateau_266_medium.json,maps/plateau/terrain_plateau_266_hard.json
train,terrain_plateau_267,plateau,267,terrain_plateau_267_easy,terrain_plateau_267_medium,terrain_plateau_267_hard,maps/plateau/terrain_plateau_267_easy.json,maps/plateau/terrain_plateau_267_medium.json,maps/plateau/terrain_plateau_267_hard.json
train,terrain_plateau_268,plateau,268,terrain_plateau_268_easy,terrain_plateau_268_medium,terrain_plateau_268_hard,maps/plateau/terrain_plateau_268_easy.json,maps/plateau/terrain_plateau_268_medium.json,maps/plateau/terrain_plateau_268_hard.json
train,terrain_plateau_269,plateau,269,terrain_plateau_269_easy,terrain_plateau_269_medium,terrain_plateau_269_hard,maps/plateau/terrain_plateau_269_easy.json,maps/plateau/terrain_plateau_269_medium.json,maps/plateau/terrain_plateau_269_hard.json
train,terrain_plateau_271,plateau,271,terrain_plateau_271_easy,terrain_plateau_271_medium,terrain_plateau_271_hard,maps/plateau/terrain_plateau_271_easy.json,maps/plateau/terrain_plateau_271_medium.json,maps/plateau/terrain_plateau_271_hard.json
train,terrain_plateau_274,plateau,274,terrain_plateau_274_easy,terrain_plateau_274_medium,terrain_plateau_274_hard,maps/plateau/terrain_plateau_274_easy.json,maps/plateau/terrain_plateau_274_medium.json,maps/plateau/terrain_plateau_274_hard.json
train,terrain_plateau_275,plateau,275,terrain_plateau_275_easy,terrain_plateau_275_medium,terrain_plateau_275_hard,maps/plateau/terrain_plateau_275_easy.json,maps/plateau/terrain_plateau_275_medium.json,maps/plateau/terrain_plateau_275_hard.json
train,terrain_plateau_279,plateau,279,terrain_plateau_279_easy,terrain_plateau_279_medium,terrain_plateau_279_hard,maps/plateau/terrain_plateau_279_easy.json,maps/plateau/terrain_plateau_279_medium.json,maps/plateau/terrain_plateau_279_hard.json
train,terrain_plateau_280,plateau,280,terrain_plateau_280_easy,terrain_plateau_280_medium,terrain_plateau_280_hard,maps/plateau/terrain_plateau_280_easy.json,maps/plateau/terrain_plateau_280_medium.json,maps/plateau/terrain_plateau_280_hard.json
train,terrain_plateau_281,plateau,281,terrain_plateau_281_easy,terrain_plateau_281_medium,terrain_plateau_281_hard,maps/plateau/terrain_plateau_281_easy.json,maps/plateau/terrain_plateau_281_medium.json,maps/plateau/terrain_plateau_281_hard.json
train,terrain_plateau_283,plateau,283,terrain_plateau_283_easy,terrain_plateau_283_medium,terrain_plateau_283_hard,maps/plateau/terrain_plateau_283_easy.json,maps/plateau/terrain_plateau_283_medium.json,maps/plateau/terrain_plateau_283_hard.json
train,terrain_plateau_284,plateau,284,terrain_plateau_284_easy,terrain_plateau_284_medium,terrain_plateau_284_hard,maps/plateau/terrain_plateau_284_easy.json,maps/plateau/terrain_plateau_284_medium.json,maps/plateau/terrain_plateau_284_hard.json
train,terrain_plateau_285,plateau,285,terrain_plateau_285_easy,terrain_plateau_285_medium,terrain_plateau_285_hard,maps/plateau/terrain_plateau_285_easy.json,maps/plateau/terrain_plateau_285_medium.json,maps/plateau/terrain_plateau_285_hard.json
train,terrain_plateau_287,plateau,287,terrain_plateau_287_easy,terrain_plateau_287_medium,terrain_plateau_287_hard,maps/plateau/terrain_plateau_287_easy.json,maps/plateau/terrain_plateau_287_medium.json,maps/plateau/terrain_plateau_287_hard.json
train,terrain_plateau_288,plateau,288,terrain_plateau_288_easy,terrain_plateau_288_medium,terrain_plateau_288_hard,maps/plateau/terrain_plateau_288_easy.json,maps/plateau/terrain_plateau_288_medium.json,maps/plateau/terrain_plateau_288_hard.json
train,terrain_plateau_289,plateau,289,terrain_plateau_289_easy,terrain_plateau_289_medium,terrain_plateau_289_hard,maps/plateau/terrain_plateau_289_easy.json,maps/plateau/terrain_plateau_289_medium.json,maps/plateau/terrain_plateau_289_hard.json
train,terrain_plateau_291,plateau,291,terrain_plateau_291_easy,terrain_plateau_291_medium,terrain_plateau_291_hard,maps/plateau/terrain_plateau_291_easy.json,maps/plateau/terrain_plateau_291_medium.json,maps/plateau/terrain_plateau_291_hard.json
train,terrain_plateau_292,plateau,292,terrain_plateau_292_easy,terrain_plateau_292_medium,terrain_plateau_292_hard,maps/plateau/terrain_plateau_292_easy.json,maps/plateau/terrain_plateau_292_medium.json,maps/plateau/terrain_plateau_292_hard.json
train,terrain_plateau_293,plateau,293,terrain_plateau_293_easy,terrain_plateau_293_medium,terrain_plateau_293_hard,maps/plateau/terrain_plateau_293_easy.json,maps/plateau/terrain_plateau_293_medium.json,maps/plateau/terrain_plateau_293_hard.json
train,terrain_plateau_294,plateau,294,terrain_plateau_294_easy,terrain_plateau_294_medium,terrain_plateau_294_hard,maps/plateau/terrain_plateau_294_easy.json,maps/plateau/terrain_plateau_294_medium.json,maps/plateau/terrain_plateau_294_hard.json
train,terrain_plateau_295,plateau,295,terrain_plateau_295_easy,terrain_plateau_295_medium,terrain_plateau_295_hard,maps/plateau/terrain_plateau_295_easy.json,maps/plateau/terrain_plateau_295_medium.json,maps/plateau/terrain_plateau_295_hard.json
train,terrain_plateau_296,plateau,296,terrain_plateau_296_easy,terrain_plateau_296_medium,terrain_plateau_296_hard,maps/plateau/terrain_plateau_296_easy.json,maps/plateau/terrain_plateau_296_medium.json,maps/plateau/terrain_plateau_296_hard.json
train,terrain_plateau_298,plateau,298,terrain_plateau_298_easy,terrain_plateau_298_medium,terrain_plateau_298_hard,maps/plateau/terrain_plateau_298_easy.json,maps/plateau/terrain_plateau_298_medium.json,maps/plateau/terrain_plateau_298_hard.json
train,terrain_plateau_299,plateau,299,terrain_plateau_299_easy,terrain_plateau_299_medium,terrain_plateau_299_hard,maps/plateau/terrain_plateau_299_easy.json,maps/plateau/terrain_plateau_299_medium.json,maps/plateau/terrain_plateau_299_hard.json
train,terrain_plateau_301,plateau,301,terrain_plateau_301_easy,terrain_plateau_301_medium,terrain_plateau_301_hard,maps/plateau/terrain_plateau_301_easy.json,maps/plateau/terrain_plateau_301_medium.json,maps/plateau/terrain_plateau_301_hard.json
train,terrain_plateau_304,plateau,304,terrain_plateau_304_easy,terrain_plateau_304_medium,terrain_plateau_304_hard,maps/plateau/terrain_plateau_304_easy.json,maps/plateau/terrain_plateau_304_medium.json,maps/plateau/terrain_plateau_304_hard.json
train,terrain_plateau_305,plateau,305,terrain_plateau_305_easy,terrain_plateau_305_medium,terrain_plateau_305_hard,maps/plateau/terrain_plateau_305_easy.json,maps/plateau/terrain_plateau_305_medium.json,maps/plateau/terrain_plateau_305_hard.json
train,terrain_plateau_306,plateau,306,terrain_plateau_306_easy,terrain_plateau_306_medium,terrain_plateau_306_hard,maps/plateau/terrain_plateau_306_easy.json,maps/plateau/terrain_plateau_306_medium.json,maps/plateau/terrain_plateau_306_hard.json
train,terrain_plateau_309,plateau,309,terrain_plateau_309_easy,terrain_plateau_309_medium,terrain_plateau_309_hard,maps/plateau/terrain_plateau_309_easy.json,maps/plateau/terrain_plateau_309_medium.json,maps/plateau/terrain_plateau_309_hard.json
train,terrain_plateau_310,plateau,310,terrain_plateau_310_easy,terrain_plateau_310_medium,terrain_plateau_310_hard,maps/plateau/terrain_plateau_310_easy.json,maps/plateau/terrain_plateau_310_medium.json,maps/plateau/terrain_plateau_310_hard.json
train,terrain_plateau_311,plateau,311,terrain_plateau_311_easy,terrain_plateau_311_medium,terrain_plateau_311_hard,maps/plateau/terrain_plateau_311_easy.json,maps/plateau/terrain_plateau_311_medium.json,maps/plateau/terrain_plateau_311_hard.json
train,terrain_plateau_313,plateau,313,terrain_plateau_313_easy,terrain_plateau_313_medium,terrain_plateau_313_hard,maps/plateau/terrain_plateau_313_easy.json,maps/plateau/terrain_plateau_313_medium.json,maps/plateau/terrain_plateau_313_hard.json
train,terrain_plateau_314,plateau,314,terrain_plateau_314_easy,terrain_plateau_314_medium,terrain_plateau_314_hard,maps/plateau/terrain_plateau_314_easy.json,maps/plateau/terrain_plateau_314_medium.json,maps/plateau/terrain_plateau_314_hard.json
train,terrain_plateau_316,plateau,316,terrain_plateau_316_easy,terrain_plateau_316_medium,terrain_plateau_316_hard,maps/plateau/terrain_plateau_316_easy.json,maps/plateau/terrain_plateau_316_medium.json,maps/plateau/terrain_plateau_316_hard.json
train,terrain_plateau_317,plateau,317,terrain_plateau_317_easy,terrain_plateau_317_medium,terrain_plateau_317_hard,maps/plateau/terrain_plateau_317_easy.json,maps/plateau/terrain_plateau_317_medium.json,maps/plateau/terrain_plateau_317_hard.json
train,terrain_plateau_318,plateau,318,terrain_plateau_318_easy,terrain_plateau_318_medium,terrain_plateau_318_hard,maps/plateau/terrain_plateau_318_easy.json,maps/plateau/terrain_plateau_318_medium.json,maps/plateau/terrain_plateau_318_hard.json
train,terrain_plateau_319,plateau,319,terrain_plateau_319_easy,terrain_plateau_319_medium,terrain_plateau_319_hard,maps/plateau/terrain_plateau_319_easy.json,maps/plateau/terrain_plateau_319_medium.json,maps/plateau/terrain_plateau_319_hard.json
train,terrain_plateau_322,plateau,322,terrain_plateau_322_easy,terrain_plateau_322_medium,terrain_plateau_322_hard,maps/plateau/terrain_plateau_322_easy.json,maps/plateau/terrain_plateau_322_medium.json,maps/plateau/terrain_plateau_322_hard.json
train,terrain_plateau_324,plateau,324,terrain_plateau_324_easy,terrain_plateau_324_medium,terrain_plateau_324_hard,maps/plateau/terrain_plateau_324_easy.json,maps/plateau/terrain_plateau_324_medium.json,maps/plateau/terrain_plateau_324_hard.json
train,terrain_plateau_325,plateau,325,terrain_plateau_325_easy,terrain_plateau_325_medium,terrain_plateau_325_hard,maps/plateau/terrain_plateau_325_easy.json,maps/plateau/terrain_plateau_325_medium.json,maps/plateau/terrain_plateau_325_hard.json
train,terrain_plateau_327,plateau,327,terrain_plateau_327_easy,terrain_plateau_327_medium,terrain_plateau_327_hard,maps/plateau/terrain_plateau_327_easy.json,maps/plateau/terrain_plateau_327_medium.json,maps/plateau/terrain_plateau_327_hard.json
train,terrain_plateau_328,plateau,328,terrain_plateau_328_easy,terrain_plateau_328_medium,terrain_plateau_328_hard,maps/plateau/terrain_plateau_328_easy.json,maps/plateau/terrain_plateau_328_medium.json,maps/plateau/terrain_plateau_328_hard.json
train,terrain_plateau_329,plateau,329,terrain_plateau_329_easy,terrain_plateau_329_medium,terrain_plateau_329_hard,maps/plateau/terrain_plateau_329_easy.json,maps/plateau/terrain_plateau_329_medium.json,maps/plateau/terrain_plateau_329_hard.json
train,terrain_plateau_330,plateau,330,terrain_plateau_330_easy,terrain_plateau_330_medium,terrain_plateau_330_hard,maps/plateau/terrain_plateau_330_easy.json,maps/plateau/terrain_plateau_330_medium.json,maps/plateau/terrain_plateau_330_hard.json
train,terrain_plateau_331,plateau,331,terrain_plateau_331_easy,terrain_plateau_331_medium,terrain_plateau_331_hard,maps/plateau/terrain_plateau_331_easy.json,maps/plateau/terrain_plateau_331_medium.json,maps/plateau/terrain_plateau_331_hard.json
train,terrain_plateau_334,plateau,334,terrain_plateau_334_easy,terrain_plateau_334_medium,terrain_plateau_334_hard,maps/plateau/terrain_plateau_334_easy.json,maps/plateau/terrain_plateau_334_medium.json,maps/plateau/terrain_plateau_334_hard.json
